FIPS,county_name,gdp_per_capita
01001,"Autauga, AL",49879
01003,"Baldwin, AL",57721
01005,"Barbour, AL",41053
01007,"Bibb, AL",38232
01009,"Blount, AL",44085
01011,"Bullock, AL",33623
01013,"Butler, AL",47524
01015,"Calhoun, AL",42684
01017,"Chambers, AL",39568
01019,"Cherokee, AL",44552
01021,"Chilton, AL",43434
01023,"Choctaw, AL",43293
01025,"Clarke, AL",44541
01027,"Clay, AL",39516
01029,"Cleburne, AL",44365
01031,"Coffee, AL",51873
01033,"Colbert, AL",44702
01035,"Conecuh, AL",41313
01037,"Coosa, AL",38883
01039,"Covington, AL",42432
01041,"Crenshaw, AL",48483
01043,"Cullman, AL",49786
01045,"Dale, AL",44902
01047,"Dallas, AL",42265
01049,"DeKalb, AL",42115
01051,"Elmore, AL",48775
01053,"Escambia, AL",40499
01055,"Etowah, AL",43197
01057,"Fayette, AL",43018
01059,"Franklin, AL",42381
01061,"Geneva, AL",42387
01063,"Greene, AL",38672
01065,"Hale, AL",44630
01067,"Henry, AL",53120
01069,"Houston, AL",52035
01071,"Jackson, AL",44272
01073,"Jefferson, AL",67540
01075,"Lamar, AL",40141
01077,"Lauderdale, AL",44918
01079,"Lawrence, AL",43959
01081,"Lee, AL",46178
01083,"Limestone, AL",53967
01085,"Lowndes, AL",50952
01087,"Macon, AL",38786
01089,"Madison, AL",62519
01091,"Marengo, AL",46806
01093,"Marion, AL",43363
01095,"Marshall, AL",47043
01097,"Mobile, AL",48370
01099,"Monroe, AL",42513
01101,"Montgomery, AL",50837
01103,"Morgan, AL",47579
01105,"Perry, AL",40241
01107,"Pickens, AL",41538
01109,"Pike, AL",47569
01111,"Randolph, AL",42760
01113,"Russell, AL",39049
01115,"St. Clair, AL",48249
01117,"Shelby, AL",67471
01119,"Sumter, AL",38568
01121,"Talladega, AL",41552
01123,"Tallapoosa, AL",49152
01125,"Tuscaloosa, AL",42056
01127,"Walker, AL",49282
01129,"Washington, AL",45510
01131,"Wilcox, AL",38764
01133,"Winston, AL",43539
04001,"Apache, AZ",46200
04003,"Cochise, AZ",50543
04005,"Coconino, AZ",58530
04007,"Gila, AZ",50241
04009,"Graham, AZ",41225
04011,"Greenlee, AZ",52784
04012,"La Paz, AZ*",57037
04013,"Maricopa, AZ",64296
04015,"Mohave, AZ",43642
04017,"Navajo, AZ",42923
04019,"Pima, AZ",54802
04021,"Pinal, AZ",46908
04023,"Santa Cruz, AZ",46579
04025,"Yavapai, AZ",52023
04027,"Yuma, AZ*",44828
05001,"Arkansas, AR",58426
05003,"Ashley, AR",43540
05005,"Baxter, AR",44190
05007,"Benton, AR",108539
05009,"Boone, AR",42859
05011,"Bradley, AR",47939
05013,"Calhoun, AR",46167
05015,"Carroll, AR",41851
05017,"Chicot, AR",46902
05019,"Clark, AR",42448
05021,"Clay, AR",44275
05023,"Cleburne, AR",47933
05025,"Cleveland, AR",52655
05027,"Columbia, AR",45009
05029,"Conway, AR",48812
05031,"Craighead, AR",46945
05033,"Crawford, AR",41931
05035,"Crittenden, AR",45412
05037,"Cross, AR",42684
05039,"Dallas, AR",47129
05041,"Desha, AR",48826
05043,"Drew, AR",46616
05045,"Faulkner, AR",47981
05047,"Franklin, AR",42975
05049,"Fulton, AR",34815
05051,"Garland, AR",48493
05053,"Grant, AR",47568
05055,"Greene, AR",41673
05057,"Hempstead, AR",44056
05059,"Hot Spring, AR",38146
05061,"Howard, AR",49425
05063,"Independence, AR",45238
05065,"Izard, AR",35479
05067,"Jackson, AR",46315
05069,"Jefferson, AR",41503
05071,"Johnson, AR",35830
05073,"Lafayette, AR",50336
05075,"Lawrence, AR",42867
05077,"Lee, AR",37417
05079,"Lincoln, AR",33785
05081,"Little River, AR",42104
05083,"Logan, AR",41225
05085,"Lonoke, AR",48790
05087,"Madison, AR",45332
05089,"Marion, AR",37177
05091,"Miller, AR",40367
05093,"Mississippi, AR",44455
05095,"Monroe, AR",42112
05097,"Montgomery, AR",38847
05099,"Nevada, AR",40770
05101,"Newton, AR",38229
05103,"Ouachita, AR",48245
05105,"Perry, AR",46390
05107,"Phillips, AR",45037
05109,"Pike, AR",42482
05111,"Poinsett, AR",44279
05113,"Polk, AR",40318
05115,"Pope, AR",41929
05117,"Prairie, AR",44683
05119,"Pulaski, AR",60467
05121,"Randolph, AR",40779
05123,"St. Francis, AR",36191
05125,"Saline, AR",51281
05127,"Scott, AR",41285
05129,"Searcy, AR",33389
05131,"Sebastian, AR",47513
05133,"Sevier, AR",45592
05135,"Sharp, AR",43902
05137,"Stone, AR",36960
05139,"Union, AR",52406
05141,"Van Buren, AR",39069
05143,"Washington, AR",49314
05145,"White, AR",43915
05147,"Woodruff, AR",51339
05149,"Yell, AR",45415
06001,"Alameda, CA",100110
06003,"Alpine, CA",69311
06005,"Amador, CA",48230
06007,"Butte, CA",54273
06009,"Calaveras, CA",56105
06011,"Colusa, CA",57589
06013,"Contra Costa, CA",96617
06015,"Del Norte, CA",44956
06017,"El Dorado, CA",79990
06019,"Fresno, CA",51116
06021,"Glenn, CA",52081
06023,"Humboldt, CA",53864
06025,"Imperial, CA",46422
06027,"Inyo, CA",59967
06029,"Kern, CA",45289
06031,"Kings, CA",43286
06033,"Lake, CA",45772
06035,"Lassen, CA",41082
06037,"Los Angeles, CA",74714
06039,"Madera, CA",45952
06041,"Marin, CA",168508
06043,"Mariposa, CA",61280
06045,"Mendocino, CA",55500
06047,"Merced, CA",46377
06049,"Modoc, CA",59345
06051,"Mono, CA",66439
06053,"Monterey, CA",65611
06055,"Napa, CA",89224
06057,"Nevada, CA",71651
06059,"Orange, CA",84577
06061,"Placer, CA",80551
06063,"Plumas, CA",60396
06065,"Riverside, CA",51449
06067,"Sacramento, CA",62314
06069,"San Benito, CA",62415
06071,"San Bernardino, CA",49214
06073,"San Diego, CA",75055
06075,"San Francisco, CA",153759
06077,"San Joaquin, CA",56457
06079,"San Luis Obispo, CA",68999
06081,"San Mateo, CA",162109
06083,"Santa Barbara, CA",78437
06085,"Santa Clara, CA",141894
06087,"Santa Cruz, CA",82838
06089,"Shasta, CA",54551
06091,"Sierra, CA",51014
06093,"Siskiyou, CA",52374
06095,"Solano, CA",60904
06097,"Sonoma, CA",78666
06099,"Stanislaus, CA",51572
06101,"Sutter, CA",52365
06103,"Tehama, CA",46935
06105,"Trinity, CA",36297
06107,"Tulare, CA",47655
06109,"Tuolumne, CA",53583
06111,"Ventura, CA",74454
06113,"Yolo, CA",63771
06115,"Yuba, CA",48993
08001,"Adams, CO*",56627
08003,"Alamosa, CO",44214
08005,"Arapahoe, CO",77807
08007,"Archuleta, CO",55736
08009,"Baca, CO",57845
08011,"Bent, CO",34240
08013,"Boulder, CO*",95621
08014,"Broomfield, CO*",86027
08015,"Chaffee, CO",62995
08017,"Cheyenne, CO",79152
08019,"Clear Creek, CO",75208
08021,"Conejos, CO",45708
08023,"Costilla, CO",40635
08025,"Crowley, CO",24277
08027,"Custer, CO",52322
08029,"Delta, CO",48405
08031,"Denver, CO",114859
08033,"Dolores, CO",40128
08035,"Douglas, CO",97519
08037,"Eagle, CO",117417
08039,"Elbert, CO",73744
08041,"El Paso, CO",61728
08043,"Fremont, CO",42329
08045,"Garfield, CO",66724
08047,"Gilpin, CO",66533
08049,"Grand, CO",70055
08051,"Gunnison, CO",66080
08053,"Hinsdale, CO",63492
08055,"Huerfano, CO",47028
08057,"Jackson, CO",66508
08059,"Jefferson, CO*",81739
08061,"Kiowa, CO",69737
08063,"Kit Carson, CO",51618
08065,"Lake, CO",51619
08067,"La Plata, CO",71921
08069,"Larimer, CO",67835
08071,"Las Animas, CO",46096
08073,"Lincoln, CO",40298
08075,"Logan, CO",52525
08077,"Mesa, CO",55383
08079,"Mineral, CO",72207
08081,"Moffat, CO",49516
08083,"Montezuma, CO",51204
08085,"Montrose, CO",53080
08087,"Morgan, CO",52782
08089,"Otero, CO",42773
08091,"Ouray, CO",83637
08093,"Park, CO",59018
08095,"Phillips, CO",56653
08097,"Pitkin, CO",232863
08099,"Prowers, CO",46702
08101,"Pueblo, CO",46998
08103,"Rio Blanco, CO",59467
08105,"Rio Grande, CO",56802
08107,"Routt, CO",121611
08109,"Saguache, CO",41567
08111,"San Juan, CO",51912
08113,"San Miguel, CO",145426
08115,"Sedgwick, CO",56764
08117,"Summit, CO",97275
08119,"Teller, CO",62998
08121,"Washington, CO",53531
08123,"Weld, CO*",59174
08125,"Yuma, CO",52744
09001,"Fairfield, CT*",131179
09003,"Hartford, CT*",72127
09005,"Litchfield, CT*",77320
09007,"Middlesex, CT*",76651
09009,"New Haven, CT*",65169
09011,"New London, CT*",66678
09013,"Tolland, CT*",64631
09015,"Windham, CT*",54507
10001,"Kent, DE",50951
10003,"New Castle, DE",67241
10005,"Sussex, DE",66534
11001,"District of Columbia, DC",100849
12001,"Alachua, FL",52636
12003,"Baker, FL",44679
12005,"Bay, FL",53918
12007,"Bradford, FL",41670
12009,"Brevard, FL",57115
12011,"Broward, FL",66842
12013,"Calhoun, FL",35877
12015,"Charlotte, FL",52648
12017,"Citrus, FL",45430
12019,"Clay, FL",54056
12021,"Collier, FL",130209
12023,"Columbia, FL",43291
12027,"DeSoto, FL",33279
12029,"Dixie, FL",34433
12031,"Duval, FL",56760
12033,"Escambia, FL",53262
12035,"Flagler, FL",60063
12037,"Franklin, FL",44263
12039,"Gadsden, FL",44905
12041,"Gilchrist, FL",42446
12043,"Glades, FL",31586
12045,"Gulf, FL",48906
12047,"Hamilton, FL",35264
12049,"Hardee, FL",34966
12051,"Hendry, FL",39708
12053,"Hernando, FL",46514
12055,"Highlands, FL",41681
12057,"Hillsborough, FL",60141
12059,"Holmes, FL",39445
12061,"Indian River, FL",101417
12063,"Jackson, FL",39117
12065,"Jefferson, FL",48728
12067,"Lafayette, FL",34511
12069,"Lake, FL",52476
12071,"Lee, FL",62774
12073,"Leon, FL",53733
12075,"Levy, FL",44643
12077,"Liberty, FL",32898
12079,"Madison, FL",43118
12081,"Manatee, FL",61327
12083,"Marion, FL",44949
12085,"Martin, FL",109583
12086,"Miami-Dade, FL",70861
12087,"Monroe, FL",122924
12089,"Nassau, FL",76177
12091,"Okaloosa, FL",59933
12093,"Okeechobee, FL",40424
12095,"Orange, FL",56663
12097,"Osceola, FL",44733
12099,"Palm Beach, FL",112099
12101,"Pasco, FL",53252
12103,"Pinellas, FL",68284
12105,"Polk, FL",43504
12107,"Putnam, FL",40213
12109,"St. Johns, FL",85185
12111,"St. Lucie, FL",51592
12113,"Santa Rosa, FL",56805
12115,"Sarasota, FL",81707
12117,"Seminole, FL",59676
12119,"Sumter, FL",67581
12121,"Suwannee, FL",41731
12123,"Taylor, FL",36487
12125,"Union, FL",27059
12127,"Volusia, FL",53041
12129,"Wakulla, FL",48546
12131,"Walton, FL",86744
12133,"Washington, FL",36294
13001,"Appling, GA",44085
13003,"Atkinson, GA",37635
13005,"Bacon, GA",40549
13007,"Baker, GA",49213
13009,"Baldwin, GA",43440
13011,"Banks, GA",44907
13013,"Barrow, GA",48284
13015,"Bartow, GA",49283
13017,"Ben Hill, GA",40325
13019,"Berrien, GA",40982
13021,"Bibb, GA",46709
13023,"Bleckley, GA",41768
13025,"Brantley, GA",36465
13027,"Brooks, GA",40099
13029,"Bryan, GA",58469
13031,"Bulloch, GA",39665
13033,"Burke, GA",42289
13035,"Butts, GA",41941
13037,"Calhoun, GA",34618
13039,"Camden, GA",44639
13043,"Candler, GA",40161
13045,"Carroll, GA",49941
13047,"Catoosa, GA",43903
13049,"Charlton, GA",31566
13051,"Chatham, GA",56879
13053,"Chattahoochee, GA",37823
13055,"Chattooga, GA",37028
13057,"Cherokee, GA",67524
13059,"Clarke, GA",42305
13061,"Clay, GA",37917
13063,"Clayton, GA",33796
13065,"Clinch, GA",43783
13067,"Cobb, GA",71886
13069,"Coffee, GA",39244
13071,"Colquitt, GA",41403
13073,"Columbia, GA",59113
13075,"Cook, GA",39383
13077,"Coweta, GA",59376
13079,"Crawford, GA",40710
13081,"Crisp, GA",46317
13083,"Dade, GA",42380
13085,"Dawson, GA",60375
13087,"Decatur, GA",43093
13089,"DeKalb, GA",64793
13091,"Dodge, GA",36364
13093,"Dooly, GA",45204
13095,"Dougherty, GA",45836
13097,"Douglas, GA",43722
13099,"Early, GA",43776
13101,"Echols, GA",33308
13103,"Effingham, GA",48908
13105,"Elbert, GA",43145
13107,"Emanuel, GA",39530
13109,"Evans, GA",40606
13111,"Fannin, GA",51339
13113,"Fayette, GA",73749
13115,"Floyd, GA",44222
13117,"Forsyth, GA",80102
13119,"Franklin, GA",44515
13121,"Fulton, GA",101142
13123,"Gilmer, GA",45937
13125,"Glascock, GA",39926
13127,"Glynn, GA",60005
13129,"Gordon, GA",45305
13131,"Grady, GA",38274
13133,"Greene, GA",80348
13135,"Gwinnett, GA",51627
13137,"Habersham, GA",40453
13139,"Hall, GA",57162
13141,"Hancock, GA",36114
13143,"Haralson, GA",45122
13145,"Harris, GA",57555
13147,"Hart, GA",46306
13149,"Heard, GA",41094
13151,"Henry, GA",47645
13153,"Houston, GA",48495
13155,"Irwin, GA",43839
13157,"Jackson, GA",56286
13159,"Jasper, GA",47111
13161,"Jeff Davis, GA",37471
13163,"Jefferson, GA",42400
13165,"Jenkins, GA",36603
13167,"Johnson, GA",32330
13169,"Jones, GA",44108
13171,"Lamar, GA",44395
13173,"Lanier, GA",34161
13175,"Laurens, GA",43156
13177,"Lee, GA",51620
13179,"Liberty, GA",40111
13181,"Lincoln, GA",46586
13183,"Long, GA",39172
13185,"Lowndes, GA",43910
13187,"Lumpkin, GA",46945
13189,"McDuffie, GA",43153
13191,"McIntosh, GA",49003
13193,"Macon, GA",43861
13195,"Madison, GA",47253
13197,"Marion, GA",38440
13199,"Meriwether, GA",44630
13201,"Miller, GA",52011
13205,"Mitchell, GA",45224
13207,"Monroe, GA",54836
13209,"Montgomery, GA",36634
13211,"Morgan, GA",61557
13213,"Murray, GA",38212
13215,"Muscogee, GA",49466
13217,"Newton, GA",42038
13219,"Oconee, GA",83605
13221,"Oglethorpe, GA",46998
13223,"Paulding, GA",47702
13225,"Peach, GA",44603
13227,"Pickens, GA",60795
13229,"Pierce, GA",41877
13231,"Pike, GA",50746
13233,"Polk, GA",40396
13235,"Pulaski, GA",41022
13237,"Putnam, GA",56574
13239,"Quitman, GA",38358
13241,"Rabun, GA",51860
13243,"Randolph, GA",42733
13245,"Richmond, GA",43773
13247,"Rockdale, GA",41775
13249,"Schley, GA",43967
13251,"Screven, GA",41275
13253,"Seminole, GA",44605
13255,"Spalding, GA",42933
13257,"Stephens, GA",46030
13259,"Stewart, GA",36311
13261,"Sumter, GA",43694
13263,"Talbot, GA",46154
13265,"Taliaferro, GA",43863
13267,"Tattnall, GA",36813
13269,"Taylor, GA",38424
13271,"Telfair, GA",28771
13273,"Terrell, GA",46940
13275,"Thomas, GA",54447
13277,"Tift, GA",45958
13279,"Toombs, GA",42570
13281,"Towns, GA",48395
13283,"Treutlen, GA",39297
13285,"Troup, GA",45384
13287,"Turner, GA",38321
13289,"Twiggs, GA",43836
13291,"Union, GA",45629
13293,"Upson, GA",42204
13295,"Walker, GA",42914
13297,"Walton, GA",52663
13299,"Ware, GA",39161
13301,"Warren, GA",41120
13303,"Washington, GA",42072
13305,"Wayne, GA",38301
13307,"Webster, GA",39344
13309,"Wheeler, GA",23344
13311,"White, GA",48778
13313,"Whitfield, GA",46157
13315,"Wilcox, GA",33778
13317,"Wilkes, GA",52261
13319,"Wilkinson, GA",42232
13321,"Worth, GA",41684
16001,"Ada, ID",69187
16003,"Adams, ID",44290
16005,"Bannock, ID",47895
16007,"Bear Lake, ID",47914
16009,"Benewah, ID",43958
16011,"Bingham, ID",48122
16013,"Blaine, ID",174919
16015,"Boise, ID",52100
16017,"Bonner, ID",53298
16019,"Bonneville, ID",57394
16021,"Boundary, ID",45542
16023,"Butte, ID",53655
16025,"Camas, ID",64410
16027,"Canyon, ID",46187
16029,"Caribou, ID",49408
16031,"Cassia, ID",53927
16033,"Clark, ID",50251
16035,"Clearwater, ID",42698
16037,"Custer, ID",50545
16039,"Elmore, ID",44645
16041,"Franklin, ID",45398
16043,"Fremont (includes Yellowstone Park), ID",45667
16045,"Gem, ID",45478
16047,"Gooding, ID",72604
16049,"Idaho, ID",43783
16051,"Jefferson, ID",47582
16053,"Jerome, ID",47340
16055,"Kootenai, ID",59860
16057,"Latah, ID",51663
16059,"Lemhi, ID",53489
16061,"Lewis, ID",59204
16063,"Lincoln, ID",51707
16065,"Madison, ID",27779
16067,"Minidoka, ID",49931
16069,"Nez Perce, ID",53085
16071,"Oneida, ID",47492
16073,"Owyhee, ID",49122
16075,"Payette, ID",48419
16077,"Power, ID",50721
16079,"Shoshone, ID",44653
16081,"Teton, ID",64985
16083,"Twin Falls, ID",50199
16085,"Valley, ID",63321
16087,"Washington, ID",43680
17001,"Adams, IL",56962
17003,"Alexander, IL",49326
17005,"Bond, IL",45054
17007,"Boone, IL",55333
17009,"Brown, IL",46925
17011,"Bureau, IL",51702
17013,"Calhoun, IL",57249
17015,"Carroll, IL",51854
17017,"Cass, IL",50681
17019,"Champaign, IL",55063
17021,"Christian, IL",50287
17023,"Clark, IL",52495
17025,"Clay, IL",50201
17027,"Clinton, IL",59991
17029,"Coles, IL",52366
17031,"Cook, IL",72949
17033,"Crawford, IL",56899
17035,"Cumberland, IL",94219
17037,"DeKalb, IL",50823
17039,"De Witt, IL",59276
17041,"Douglas, IL",68340
17043,"DuPage, IL",89732
17045,"Edgar, IL",57163
17047,"Edwards, IL",50910
17049,"Effingham, IL",64015
17051,"Fayette, IL",45438
17053,"Ford, IL",69110
17055,"Franklin, IL",45836
17057,"Fulton, IL",48431
17059,"Gallatin, IL",55256
17061,"Greene, IL",53745
17063,"Grundy, IL",59222
17065,"Hamilton, IL",53278
17067,"Hancock, IL",57229
17069,"Hardin, IL",51645
17071,"Henderson, IL",58142
17073,"Henry, IL",56612
17075,"Iroquois, IL",57143
17077,"Jackson, IL",46558
17079,"Jasper, IL",56385
17081,"Jefferson, IL",47888
17083,"Jersey, IL",53237
17085,"Jo Daviess, IL",57354
17087,"Johnson, IL",39247
17089,"Kane, IL",64200
17091,"Kankakee, IL",50881
17093,"Kendall, IL",58095
17095,"Knox, IL",47652
17097,"Lake, IL",93358
17099,"LaSalle, IL",53684
17101,"Lawrence, IL",41615
17103,"Lee, IL",51953
17105,"Livingston, IL",58353
17107,"Logan, IL",48522
17109,"McDonough, IL",48836
17111,"McHenry, IL",65707
17113,"McLean, IL",60473
17115,"Macon, IL",57306
17117,"Macoupin, IL",51683
17119,"Madison, IL",56523
17121,"Marion, IL",50917
17123,"Marshall, IL",56543
17125,"Mason, IL",56186
17127,"Massac, IL",45986
17129,"Menard, IL",57457
17131,"Mercer, IL",59758
17133,"Monroe, IL",69659
17135,"Montgomery, IL",43433
17137,"Morgan, IL",49869
17139,"Moultrie, IL",82616
17141,"Ogle, IL",54973
17143,"Peoria, IL",58474
17145,"Perry, IL",45934
17147,"Piatt, IL",68019
17149,"Pike, IL",54926
17151,"Pope, IL",37853
17153,"Pulaski, IL",45358
17155,"Putnam, IL",66871
17157,"Randolph, IL",46618
17159,"Richland, IL",52381
17161,"Rock Island, IL",49671
17163,"St. Clair, IL",55856
17165,"Saline, IL",48435
17167,"Sangamon, IL",57326
17169,"Schuyler, IL",53056
17171,"Scott, IL",54816
17173,"Shelby, IL",52884
17175,"Stark, IL",62104
17177,"Stephenson, IL",52551
17179,"Tazewell, IL",57019
17181,"Union, IL",48416
17183,"Vermilion, IL",49528
17185,"Wabash, IL",52689
17187,"Warren, IL",56194
17189,"Washington, IL",60503
17191,"Wayne, IL",50431
17193,"White, IL",60434
17195,"Whiteside, IL",52664
17197,"Will, IL",64368
17199,"Williamson, IL",52882
17201,"Winnebago, IL",50898
17203,"Woodford, IL",63567
18001,"Adams, IN",49725
18003,"Allen, IN",58206
18005,"Bartholomew, IN",62368
18007,"Benton, IN",54863
18009,"Blackford, IN",45313
18011,"Boone, IN",92062
18013,"Brown, IN",58766
18015,"Carroll, IN",51143
18017,"Cass, IN",47189
18019,"Clark, IN",53672
18021,"Clay, IN",45397
18023,"Clinton, IN",46819
18025,"Crawford, IN",41770
18027,"Daviess, IN",58145
18029,"Dearborn, IN",58067
18031,"Decatur, IN",53286
18033,"DeKalb, IN",55214
18035,"Delaware, IN",45752
18037,"Dubois, IN",65393
18039,"Elkhart, IN",58363
18041,"Fayette, IN",47731
18043,"Floyd, IN",63479
18045,"Fountain, IN",51312
18047,"Franklin, IN",55337
18049,"Fulton, IN",49865
18051,"Gibson, IN",56746
18053,"Grant, IN",47619
18055,"Greene, IN",50986
18057,"Hamilton, IN",93725
18059,"Hancock, IN",62965
18061,"Harrison, IN",55001
18063,"Hendricks, IN",59120
18065,"Henry, IN",46947
18067,"Howard, IN",47672
18069,"Huntington, IN",50903
18071,"Jackson, IN",49739
18073,"Jasper, IN",58154
18075,"Jay, IN",55134
18077,"Jefferson, IN",52680
18079,"Jennings, IN",50202
18081,"Johnson, IN",59090
18083,"Knox, IN",54761
18085,"Kosciusko, IN",57999
18087,"Lagrange, IN",54382
18089,"Lake, IN",53446
18091,"LaPorte, IN",50715
18093,"Lawrence, IN",52224
18095,"Madison, IN",46714
18097,"Marion, IN",68100
18099,"Marshall, IN",53183
18101,"Martin, IN",53082
18103,"Miami, IN",40780
18105,"Monroe, IN",54062
18107,"Montgomery, IN",50145
18109,"Morgan, IN",54458
18111,"Newton, IN",52792
18113,"Noble, IN",50861
18115,"Ohio, IN",52055
18117,"Orange, IN",45742
18119,"Owen, IN",49833
18121,"Parke, IN",49797
18123,"Perry, IN",44801
18125,"Pike, IN",48731
18127,"Porter, IN",63336
18129,"Posey, IN",59121
18131,"Pulaski, IN",55856
18133,"Putnam, IN",46799
18135,"Randolph, IN",52792
18137,"Ripley, IN",50979
18139,"Rush, IN",55546
18141,"St. Joseph, IN",56225
18143,"Scott, IN",45134
18145,"Shelby, IN",53319
18147,"Spencer, IN",54327
18149,"Starke, IN",42278
18151,"Steuben, IN",54795
18153,"Sullivan, IN",43878
18155,"Switzerland, IN",42498
18157,"Tippecanoe, IN",47274
18159,"Tipton, IN",50366
18161,"Union, IN",49442
18163,"Vanderburgh, IN",56859
18165,"Vermillion, IN",46727
18167,"Vigo, IN",46535
18169,"Wabash, IN",53385
18171,"Warren, IN",54227
18173,"Warrick, IN",67827
18175,"Washington, IN",50214
18177,"Wayne, IN",49876
18179,"Wells, IN",51767
18181,"White, IN",53825
18183,"Whitley, IN",55600
19001,"Adair, IA",68112
19003,"Adams, IA",66659
19005,"Allamakee, IA",55950
19007,"Appanoose, IA",47222
19009,"Audubon, IA",71777
19011,"Benton, IA",69469
19013,"Black Hawk, IA",53193
19015,"Boone, IA",54937
19017,"Bremer, IA",59828
19019,"Buchanan, IA",61837
19021,"Buena Vista, IA",54742
19023,"Butler, IA",61479
19025,"Calhoun, IA",66030
19027,"Carroll, IA",67849
19029,"Cass, IA",60638
19031,"Cedar, IA",68023
19033,"Cerro Gordo, IA",75464
19035,"Cherokee, IA",94368
19037,"Chickasaw, IA",102316
19039,"Clarke, IA",49140
19041,"Clay, IA",62562
19043,"Clayton, IA",65960
19045,"Clinton, IA",52408
19047,"Crawford, IA",56912
19049,"Dallas, IA",79169
19051,"Davis, IA",56036
19053,"Decatur, IA",44688
19055,"Delaware, IA",62738
19057,"Des Moines, IA",57372
19059,"Dickinson, IA",76570
19061,"Dubuque, IA",60852
19063,"Emmet, IA",54756
19065,"Fayette, IA",53643
19067,"Floyd, IA",61556
19069,"Franklin, IA",67751
19071,"Fremont, IA",60652
19073,"Greene, IA",62195
19075,"Grundy, IA",65882
19077,"Guthrie, IA",69253
19079,"Hamilton, IA",66952
19081,"Hancock, IA",68906
19083,"Hardin, IA",76866
19085,"Harrison, IA",60000
19087,"Henry, IA",50984
19089,"Howard, IA",65758
19091,"Humboldt, IA",60809
19093,"Ida, IA",74444
19095,"Iowa, IA",61564
19097,"Jackson, IA",56123
19099,"Jasper, IA",51251
19101,"Jefferson, IA",56929
19103,"Johnson, IA",60853
19105,"Jones, IA",54724
19107,"Keokuk, IA",57346
19109,"Kossuth, IA",69505
19111,"Lee, IA",50596
19113,"Linn, IA",60886
19115,"Louisa, IA",54679
19117,"Lucas, IA",49026
19119,"Lyon, IA",74572
19121,"Madison, IA",59639
19123,"Mahaska, IA",53422
19125,"Marion, IA",60504
19127,"Marshall, IA",49056
19129,"Mills, IA",67777
19131,"Mitchell, IA",103776
19133,"Monona, IA",61040
19135,"Monroe, IA",55552
19137,"Montgomery, IA",50952
19139,"Muscatine, IA",55357
19141,"O'Brien, IA",66452
19143,"Osceola, IA",65776
19145,"Page, IA",53759
19147,"Palo Alto, IA",67946
19149,"Plymouth, IA",69463
19151,"Pocahontas, IA",67301
19153,"Polk, IA",63676
19155,"Pottawattamie, IA",55698
19157,"Poweshiek, IA",56395
19159,"Ringgold, IA",59141
19161,"Sac, IA",81000
19163,"Scott, IA",63006
19165,"Shelby, IA",66172
19167,"Sioux, IA",69043
19169,"Story, IA",52645
19171,"Tama, IA",58064
19173,"Taylor, IA",58609
19175,"Union, IA",50639
19177,"Van Buren, IA",50557
19179,"Wapello, IA",46336
19181,"Warren, IA",61761
19183,"Washington, IA",82109
19185,"Wayne, IA",55698
19187,"Webster, IA",53540
19189,"Winnebago, IA",56061
19191,"Winneshiek, IA",61774
19193,"Woodbury, IA",51792
19195,"Worth, IA",57188
19197,"Wright, IA",72689
20001,"Allen, KS",47258
20003,"Anderson, KS",50554
20005,"Atchison, KS",43390
20007,"Barber, KS",54276
20009,"Barton, KS",55824
20011,"Bourbon, KS",46550
20013,"Brown, KS",51445
20015,"Butler, KS",53996
20017,"Chase, KS",59065
20019,"Chautauqua, KS",43180
20021,"Cherokee, KS",54837
20023,"Cheyenne, KS",62925
20025,"Clark, KS",53697
20027,"Clay, KS",49088
20029,"Cloud, KS",45943
20031,"Coffey, KS",56523
20033,"Comanche, KS",50107
20035,"Cowley, KS",44313
20037,"Crawford, KS",44885
20039,"Decatur, KS",69606
20041,"Dickinson, KS",48547
20043,"Doniphan, KS",49008
20045,"Douglas, KS",53318
20047,"Edwards, KS",64806
20049,"Elk, KS",41645
20051,"Ellis, KS",54691
20053,"Ellsworth, KS",46702
20055,"Finney, KS",50214
20057,"Ford, KS",47545
20059,"Franklin, KS",49127
20061,"Geary, KS",51802
20063,"Gove, KS",87163
20065,"Graham, KS",61072
20067,"Grant, KS",42460
20069,"Gray, KS",64598
20071,"Greeley, KS",113233
20073,"Greenwood, KS",46806
20075,"Hamilton, KS",93379
20077,"Harper, KS",59954
20079,"Harvey, KS",51000
20081,"Haskell, KS",68589
20083,"Hodgeman, KS",61027
20085,"Jackson, KS",49670
20087,"Jefferson, KS",54370
20089,"Jewell, KS",52427
20091,"Johnson, KS",96517
20093,"Kearny, KS",60412
20095,"Kingman, KS",53226
20097,"Kiowa, KS",48872
20099,"Labette, KS",49542
20101,"Lane, KS",82008
20103,"Leavenworth, KS",50694
20105,"Lincoln, KS",49173
20107,"Linn, KS",47908
20109,"Logan, KS",66645
20111,"Lyon, KS",47109
20113,"McPherson, KS",59219
20115,"Marion, KS",47139
20117,"Marshall, KS",46828
20119,"Meade, KS",66731
20121,"Miami, KS",60411
20123,"Mitchell, KS",65630
20125,"Montgomery, KS",43949
20127,"Morris, KS",50226
20129,"Morton, KS",51870
20131,"Nemaha, KS",65296
20133,"Neosho, KS",46763
20135,"Ness, KS",65381
20137,"Norton, KS",54975
20139,"Osage, KS",49860
20141,"Osborne, KS",53375
20143,"Ottawa, KS",50929
20145,"Pawnee, KS",45497
20147,"Phillips, KS",61890
20149,"Pottawatomie, KS",60683
20151,"Pratt, KS",55406
20153,"Rawlins, KS",86475
20155,"Reno, KS",47507
20157,"Republic, KS",47913
20159,"Rice, KS",49055
20161,"Riley, KS",50813
20163,"Rooks, KS",45958
20165,"Rush, KS",55528
20167,"Russell, KS",53761
20169,"Saline, KS",56745
20171,"Scott, KS",60040
20173,"Sedgwick, KS",57757
20175,"Seward, KS",46604
20177,"Shawnee, KS",54755
20179,"Sheridan, KS",56753
20181,"Sherman, KS",54800
20183,"Smith, KS",57905
20185,"Stafford, KS",51196
20187,"Stanton, KS",85393
20189,"Stevens, KS",51328
20191,"Sumner, KS",47914
20193,"Thomas, KS",56286
20195,"Trego, KS",60695
20197,"Wabaunsee, KS",56109
20199,"Wallace, KS",63506
20201,"Washington, KS",50230
20203,"Wichita, KS",54011
20205,"Wilson, KS",48132
20207,"Woodson, KS",44198
20209,"Wyandotte, KS",39729
21001,"Adair, KY",41523
21003,"Allen, KY",40949
21005,"Anderson, KY",46038
21007,"Ballard, KY",51890
21009,"Barren, KY",43062
21011,"Bath, KY",38616
21013,"Bell, KY",39908
21015,"Boone, KY",58805
21017,"Bourbon, KY",59068
21019,"Boyd, KY",45845
21021,"Boyle, KY",46951
21023,"Bracken, KY",44665
21025,"Breathitt, KY",39295
21027,"Breckinridge, KY",41387
21029,"Bullitt, KY",51482
21031,"Butler, KY",43321
21033,"Caldwell, KY",44203
21035,"Calloway, KY",43739
21037,"Campbell, KY",63089
21039,"Carlisle, KY",55713
21041,"Carroll, KY",47042
21043,"Carter, KY",38955
21045,"Casey, KY",40231
21047,"Christian, KY",45420
21049,"Clark, KY",48818
21051,"Clay, KY",38244
21053,"Clinton, KY",44407
21055,"Crittenden, KY",42312
21057,"Cumberland, KY",51109
21059,"Daviess, KY",49997
21061,"Edmonson, KY",40330
21063,"Elliott, KY",27551
21065,"Estill, KY",40379
21067,"Fayette, KY",61957
21069,"Fleming, KY",41449
21071,"Floyd, KY",42226
21073,"Franklin, KY",49883
21075,"Fulton, KY",42023
21077,"Gallatin, KY",43927
21079,"Garrard, KY",44136
21081,"Grant, KY",45643
21083,"Graves, KY",50339
21085,"Grayson, KY",41995
21087,"Green, KY",42092
21089,"Greenup, KY",47811
21091,"Hancock, KY",60050
21093,"Hardin, KY",53498
21095,"Harlan, KY",37887
21097,"Harrison, KY",43708
21099,"Hart, KY",42076
21101,"Henderson, KY",53192
21103,"Henry, KY",50237
21105,"Hickman, KY",58749
21107,"Hopkins, KY",47391
21109,"Jackson, KY",37525
21111,"Jefferson, KY",63969
21113,"Jessamine, KY",58726
21115,"Johnson, KY",39129
21117,"Kenton, KY",69447
21119,"Knott, KY",41855
21121,"Knox, KY",37278
21123,"Larue, KY",42311
21125,"Laurel, KY",40424
21127,"Lawrence, KY",38572
21129,"Lee, KY",34340
21131,"Leslie, KY",39491
21133,"Letcher, KY",39815
21135,"Lewis, KY",39540
21137,"Lincoln, KY",40736
21139,"Livingston, KY",46088
21141,"Logan, KY",45420
21143,"Lyon, KY",41502
21145,"McCracken, KY",60793
21147,"McCreary, KY",33738
21149,"McLean, KY",52598
21151,"Madison, KY",45367
21153,"Magoffin, KY",41853
21155,"Marion, KY",44384
21157,"Marshall, KY",49122
21159,"Martin, KY",32047
21161,"Mason, KY",49008
21163,"Meade, KY",47847
21165,"Menifee, KY",41009
21167,"Mercer, KY",45030
21169,"Metcalfe, KY",37432
21171,"Monroe, KY",44523
21173,"Montgomery, KY",43654
21175,"Morgan, KY",32638
21177,"Muhlenberg, KY",40486
21179,"Nelson, KY",53806
21181,"Nicholas, KY",39346
21183,"Ohio, KY",41150
21185,"Oldham, KY",78290
21187,"Owen, KY",39814
21189,"Owsley, KY",47190
21191,"Pendleton, KY",46444
21193,"Perry, KY",43699
21195,"Pike, KY",44599
21197,"Powell, KY",38555
21199,"Pulaski, KY",46927
21201,"Robertson, KY",41095
21203,"Rockcastle, KY",40276
21205,"Rowan, KY",38113
21207,"Russell, KY",54172
21209,"Scott, KY",53829
21211,"Shelby, KY",58318
21213,"Simpson, KY",44984
21215,"Spencer, KY",56071
21217,"Taylor, KY",40320
21219,"Todd, KY",50018
21221,"Trigg, KY",46579
21223,"Trimble, KY",47773
21225,"Union, KY",49633
21227,"Warren, KY",45656
21229,"Washington, KY",45481
21231,"Wayne, KY",36899
21233,"Webster, KY",51206
21235,"Whitley, KY",42199
21237,"Wolfe, KY",44688
21239,"Woodford, KY",63928
22001,"Acadia, LA",46160
22003,"Allen, LA",43291
22005,"Ascension, LA",59695
22007,"Assumption, LA",58116
22009,"Avoyelles, LA",45079
22011,"Beauregard, LA",50639
22013,"Bienville, LA",45022
22015,"Bossier, LA",53365
22017,"Caddo, LA",60867
22019,"Calcasieu, LA",52136
22021,"Caldwell, LA",39706
22023,"Cameron, LA",64150
22025,"Catahoula, LA",43841
22027,"Claiborne, LA",42898
22029,"Concordia, LA",42632
22031,"De Soto, LA",54615
22033,"East Baton Rouge, LA",62473
22035,"East Carroll, LA",35179
22037,"East Feliciana, LA",47189
22039,"Evangeline, LA",40401
22041,"Franklin, LA",39498
22043,"Grant, LA",38045
22045,"Iberia, LA",46766
22047,"Iberville, LA",52709
22049,"Jackson, LA",42740
22051,"Jefferson, LA",59081
22053,"Jefferson Davis, LA",46714
22055,"Lafayette, LA",61868
22057,"Lafourche, LA",52861
22059,"LaSalle, LA",38157
22061,"Lincoln, LA",48452
22063,"Livingston, LA",49107
22065,"Madison, LA",41719
22067,"Morehouse, LA",42789
22069,"Natchitoches, LA",49520
22071,"Orleans, LA",62896
22073,"Ouachita, LA",46999
22075,"Plaquemines, LA",56074
22077,"Pointe Coupee, LA",57550
22079,"Rapides, LA",53454
22081,"Red River, LA",55691
22083,"Richland, LA",44653
22085,"Sabine, LA",47143
22087,"St. Bernard, LA",41436
22089,"St. Charles, LA",57319
22091,"St. Helena, LA",46724
22093,"St. James, LA",65903
22095,"St. John the Baptist, LA",46005
22097,"St. Landry, LA",46490
22099,"St. Martin, LA",46281
22101,"St. Mary, LA",48175
22103,"St. Tammany, LA",73815
22105,"Tangipahoa, LA",47564
22107,"Tensas, LA",46925
22109,"Terrebonne, LA",49729
22111,"Union, LA",48595
22113,"Vermilion, LA",47235
22115,"Vernon, LA",49002
22117,"Washington, LA",42037
22119,"Webster, LA",50954
22121,"West Baton Rouge, LA",53772
22123,"West Carroll, LA",42525
22125,"West Feliciana, LA",44600
22127,"Winn, LA",46741
23001,"Androscoggin, ME",50842
23003,"Aroostook, ME",51604
23005,"Cumberland, ME",79361
23007,"Franklin, ME",47962
23009,"Hancock, ME",64226
23011,"Kennebec, ME",55572
23013,"Knox, ME",63526
23015,"Lincoln, ME",62829
23017,"Oxford, ME",47722
23019,"Penobscot, ME",52005
23021,"Piscataquis, ME",52722
23023,"Sagadahoc, ME",62863
23025,"Somerset, ME",48245
23027,"Waldo, ME",55230
23029,"Washington, ME",50007
23031,"York, ME",66461
24001,"Allegany, MD",46861
24003,"Anne Arundel, MD",78361
24005,"Baltimore, MD",70027
24009,"Calvert, MD",71046
24011,"Caroline, MD",56216
24013,"Carroll, MD",70418
24015,"Cecil, MD",56194
24017,"Charles, MD",62650
24019,"Dorchester, MD",55660
24021,"Frederick, MD",71200
24023,"Garrett, MD",53915
24025,"Harford, MD",67040
24027,"Howard, MD",89462
24029,"Kent, MD",71928
24031,"Montgomery, MD",93487
24033,"Prince George's, MD",53980
24035,"Queen Anne's, MD",78849
24037,"St. Mary's, MD",66056
24039,"Somerset, MD",39672
24041,"Talbot, MD",91345
24043,"Washington, MD",53244
24045,"Wicomico, MD",47638
24047,"Worcester, MD",66279
24510,"Baltimore (Independent City), MD",60489
25001,"Barnstable, MA",85891
25003,"Berkshire, MA",65325
25005,"Bristol, MA",64254
25007,"Dukes, MA",89786
25009,"Essex, MA",79578
25011,"Franklin, MA",63382
25013,"Hampden, MA",60870
25015,"Hampshire, MA",59187
25017,"Middlesex, MA",102212
25019,"Nantucket, MA",110732
25021,"Norfolk, MA",108484
25023,"Plymouth, MA",80493
25025,"Suffolk, MA",100309
25027,"Worcester, MA",66178
26001,"Alcona, MI",48609
26003,"Alger, MI",42060
26005,"Allegan, MI",55332
26007,"Alpena, MI",48865
26009,"Antrim, MI",56240
26011,"Arenac, MI",46676
26013,"Baraga, MI",41374
26015,"Barry, MI",56813
26017,"Bay, MI",49910
26019,"Benzie, MI",56921
26021,"Berrien, MI",60293
26023,"Branch, MI",43743
26025,"Calhoun, MI",46136
26027,"Cass, MI",57092
26029,"Charlevoix, MI",67830
26031,"Cheboygan, MI",48075
26033,"Chippewa, MI",43675
26035,"Clare, MI",41203
26037,"Clinton, MI",57392
26039,"Crawford, MI",41434
26041,"Delta, MI",45539
26043,"Dickinson, MI",54357
26045,"Eaton, MI",51378
26047,"Emmet, MI",71040
26049,"Genesee, MI",48709
26051,"Gladwin, MI",44108
26053,"Gogebic, MI",48497
26055,"Grand Traverse, MI",63643
26057,"Gratiot, MI",44047
26059,"Hillsdale, MI",42742
26061,"Houghton, MI",42495
26063,"Huron, MI",57094
26065,"Ingham, MI",50089
26067,"Ionia, MI",41060
26069,"Iosco, MI",46391
26071,"Iron, MI",48200
26073,"Isabella, MI",45613
26075,"Jackson, MI",46600
26077,"Kalamazoo, MI",60953
26079,"Kalkaska, MI",43645
26081,"Kent, MI",67750
26083,"Keweenaw, MI",56726
26085,"Lake, MI",36352
26087,"Lapeer, MI",50846
26089,"Leelanau, MI",80646
26091,"Lenawee, MI",48526
26093,"Livingston, MI",68737
26095,"Luce, MI",36137
26097,"Mackinac, MI",53398
26099,"Macomb, MI",55509
26101,"Manistee, MI",46333
26103,"Marquette, MI",46533
26105,"Mason, MI",48179
26107,"Mecosta, MI",42208
26109,"Menominee, MI",48176
26111,"Midland, MI",60647
26113,"Missaukee, MI",43328
26115,"Monroe, MI",56678
26117,"Montcalm, MI",41179
26119,"Montmorency, MI",42119
26121,"Muskegon, MI",47491
26123,"Newaygo, MI",44565
26125,"Oakland, MI",85455
26127,"Oceana, MI",46180
26129,"Ogemaw, MI",41175
26131,"Ontonagon, MI",46746
26133,"Osceola, MI",46626
26135,"Oscoda, MI",44241
26137,"Otsego, MI",48374
26139,"Ottawa, MI",60379
26141,"Presque Isle, MI",46700
26143,"Roscommon, MI",43900
26145,"Saginaw, MI",48072
26147,"St. Clair, MI",52795
26149,"St. Joseph, MI",47829
26151,"Sanilac, MI",47311
26153,"Schoolcraft, MI",45463
26155,"Shiawassee, MI",48040
26157,"Tuscola, MI",44574
26159,"Van Buren, MI",50247
26161,"Washtenaw, MI",72906
26163,"Wayne, MI",50121
26165,"Wexford, MI",44118
27001,"Aitkin, MN",48881
27003,"Anoka, MN",60202
27005,"Becker, MN",57328
27007,"Beltrami, MN",51054
27009,"Benton, MN",54471
27011,"Big Stone, MN",69521
27013,"Blue Earth, MN",53707
27015,"Brown, MN",62583
27017,"Carlton, MN",50619
27019,"Carver, MN",88026
27021,"Cass, MN",55150
27023,"Chippewa, MN",56334
27025,"Chisago, MN",59491
27027,"Clay, MN",52445
27029,"Clearwater, MN",52498
27031,"Cook, MN",59316
27033,"Cottonwood, MN",63147
27035,"Crow Wing, MN",54187
27037,"Dakota, MN",71457
27039,"Dodge, MN",59561
27041,"Douglas, MN",63595
27043,"Faribault, MN",57129
27045,"Fillmore, MN",55679
27047,"Freeborn, MN",55338
27049,"Goodhue, MN",63740
27051,"Grant, MN",63222
27053,"Hennepin, MN",90852
27055,"Houston, MN",61359
27057,"Hubbard, MN",54700
27059,"Isanti, MN",52832
27061,"Itasca, MN",52211
27063,"Jackson, MN",64157
27065,"Kanabec, MN",50074
27067,"Kandiyohi, MN",60448
27069,"Kittson, MN",71839
27071,"Koochiching, MN",53450
27073,"Lac qui Parle, MN",69952
27075,"Lake, MN",54427
27077,"Lake of the Woods, MN",59564
27079,"Le Sueur, MN",61183
27081,"Lincoln, MN",62393
27083,"Lyon, MN",61189
27085,"McLeod, MN",59413
27087,"Mahnomen, MN",49444
27089,"Marshall, MN",79724
27091,"Martin, MN",64456
27093,"Meeker, MN",55709
27095,"Mille Lacs, MN",51019
27097,"Morrison, MN",53155
27099,"Mower, MN",54905
27101,"Murray, MN",71204
27103,"Nicollet, MN",59134
27105,"Nobles, MN",59359
27107,"Norman, MN",62331
27109,"Olmsted, MN",68280
27111,"Otter Tail, MN",57931
27113,"Pennington, MN",66824
27115,"Pine, MN",45258
27117,"Pipestone, MN",71333
27119,"Polk, MN",61274
27121,"Pope, MN",63650
27123,"Ramsey, MN",66022
27125,"Red Lake, MN",71920
27127,"Redwood, MN",75500
27129,"Renville, MN",66598
27131,"Rice, MN",53519
27133,"Rock, MN",64262
27135,"Roseau, MN",61536
27137,"St. Louis, MN",56554
27139,"Scott, MN",76583
27141,"Sherburne, MN",56903
27143,"Sibley, MN",60625
27145,"Stearns, MN",60580
27147,"Steele, MN",56035
27149,"Stevens, MN",64457
27151,"Swift, MN",70176
27153,"Todd, MN",58680
27155,"Traverse, MN",87727
27157,"Wabasha, MN",60798
27159,"Wadena, MN",47978
27161,"Waseca, MN",59697
27163,"Washington, MN",79112
27165,"Watonwan, MN",57385
27167,"Wilkin, MN",75425
27169,"Winona, MN",57044
27171,"Wright, MN",61989
27173,"Yellow Medicine, MN",72441
28001,"Adams, MS",43787
28003,"Alcorn, MS",44836
28005,"Amite, MS",39340
28007,"Attala, MS",40715
28009,"Benton, MS",42245
28011,"Bolivar, MS",47065
28013,"Calhoun, MS",40809
28015,"Carroll, MS",42929
28017,"Chickasaw, MS",39128
28019,"Choctaw, MS",40393
28021,"Claiborne, MS",37204
28023,"Clarke, MS",43748
28025,"Clay, MS",48544
28027,"Coahoma, MS",44761
28029,"Copiah, MS",39801
28031,"Covington, MS",47343
28033,"DeSoto, MS",52752
28035,"Forrest, MS",42940
28037,"Franklin, MS",40733
28039,"George, MS",39539
28041,"Greene, MS",33776
28043,"Grenada, MS",42253
28045,"Hancock, MS",45472
28047,"Harrison, MS",45764
28049,"Hinds, MS",48589
28051,"Holmes, MS",35336
28053,"Humphreys, MS",41242
28055,"Issaquena, MS",32815
28057,"Itawamba, MS",41029
28059,"Jackson, MS",45306
28061,"Jasper, MS",46777
28063,"Jefferson, MS",39403
28065,"Jefferson Davis, MS",37959
28067,"Jones, MS",47982
28069,"Kemper, MS",37198
28071,"Lafayette, MS",49141
28073,"Lamar, MS",49644
28075,"Lauderdale, MS",47206
28077,"Lawrence, MS",44844
28079,"Leake, MS",41853
28081,"Lee, MS",51917
28083,"Leflore, MS",48537
28085,"Lincoln, MS",45351
28087,"Lowndes, MS",48381
28089,"Madison, MS",80425
28091,"Marion, MS",40708
28093,"Marshall, MS",44114
28095,"Monroe, MS",43161
28097,"Montgomery, MS",41406
28099,"Neshoba, MS",46586
28101,"Newton, MS",40943
28103,"Noxubee, MS",42937
28105,"Oktibbeha, MS",39632
28107,"Panola, MS",41373
28109,"Pearl River, MS",43828
28111,"Perry, MS",37116
28113,"Pike, MS",36981
28115,"Pontotoc, MS",41885
28117,"Prentiss, MS",37799
28119,"Quitman, MS",41967
28121,"Rankin, MS",53768
28123,"Scott, MS",38390
28125,"Sharkey, MS",53591
28127,"Simpson, MS",46050
28129,"Smith, MS",48238
28131,"Stone, MS",39642
28133,"Sunflower, MS",37660
28135,"Tallahatchie, MS",43054
28137,"Tate, MS",44670
28139,"Tippah, MS",43075
28141,"Tishomingo, MS",42281
28143,"Tunica, MS",45810
28145,"Union, MS",41233
28147,"Walthall, MS",38107
28149,"Warren, MS",49373
28151,"Washington, MS",45448
28153,"Wayne, MS",45305
28155,"Webster, MS",44285
28157,"Wilkinson, MS",35463
28159,"Winston, MS",43394
28161,"Yalobusha, MS",41921
28163,"Yazoo, MS",38350
29001,"Adair, MO",37154
29003,"Andrew, MO",52012
29005,"Atchison, MO",56885
29007,"Audrain, MO",46011
29009,"Barry, MO",45003
29011,"Barton, MO",45706
29013,"Bates, MO",48561
29015,"Benton, MO",44220
29017,"Bollinger, MO",46190
29019,"Boone, MO",56139
29021,"Buchanan, MO",48876
29023,"Butler, MO",43274
29025,"Caldwell, MO",46050
29027,"Callaway, MO",46934
29029,"Camden, MO",50912
29031,"Cape Girardeau, MO",50393
29033,"Carroll, MO",60534
29035,"Carter, MO",47047
29037,"Cass, MO",56575
29039,"Cedar, MO",37091
29041,"Chariton, MO",52010
29043,"Christian, MO",49775
29045,"Clark, MO",44984
29047,"Clay, MO",56764
29049,"Clinton, MO",50283
29051,"Cole, MO",57022
29053,"Cooper, MO",51419
29055,"Crawford, MO",45008
29057,"Dade, MO",44419
29059,"Dallas, MO",40386
29061,"Daviess, MO",38603
29063,"DeKalb, MO",37993
29065,"Dent, MO",42323
29067,"Douglas, MO",37828
29069,"Dunklin, MO",44231
29071,"Franklin, MO",53473
29073,"Gasconade, MO",47193
29075,"Gentry, MO",48815
29077,"Greene, MO",52534
29079,"Grundy, MO",41142
29081,"Harrison, MO",44357
29083,"Henry, MO",49801
29085,"Hickory, MO",39707
29087,"Holt, MO",62460
29089,"Howard, MO",49728
29091,"Howell, MO",41224
29093,"Iron, MO",41775
29095,"Jackson, MO",54148
29097,"Jasper, MO",44934
29099,"Jefferson, MO",51770
29101,"Johnson, MO",44308
29103,"Knox, MO",45427
29105,"Laclede, MO",45246
29107,"Lafayette, MO",51664
29109,"Lawrence, MO",40725
29111,"Lewis, MO",42882
29113,"Lincoln, MO",49727
29115,"Linn, MO",45835
29117,"Livingston, MO",48922
29119,"McDonald, MO",38539
29121,"Macon, MO",52737
29123,"Madison, MO",42112
29125,"Maries, MO",41645
29127,"Marion, MO",49429
29129,"Mercer, MO",38457
29131,"Miller, MO",43750
29133,"Mississippi, MO",42421
29135,"Moniteau, MO",49210
29137,"Monroe, MO",49606
29139,"Montgomery, MO",50961
29141,"Morgan, MO",48093
29143,"New Madrid, MO",51905
29145,"Newton, MO",46883
29147,"Nodaway, MO",41801
29149,"Oregon, MO",43646
29151,"Osage, MO",53535
29153,"Ozark, MO",40581
29155,"Pemiscot, MO",47086
29157,"Perry, MO",49658
29159,"Pettis, MO",45366
29161,"Phelps, MO",44660
29163,"Pike, MO",42068
29165,"Platte, MO",68613
29167,"Polk, MO",43282
29169,"Pulaski, MO",44520
29171,"Putnam, MO",43490
29173,"Ralls, MO",47993
29175,"Randolph, MO",51557
29177,"Ray, MO",49062
29179,"Reynolds, MO",40471
29181,"Ripley, MO",45378
29183,"St. Charles, MO",64724
29185,"St. Clair, MO",37298
29186,"Ste. Genevieve, MO",47458
29187,"St. Francois, MO",42482
29189,"St. Louis, MO",93142
29195,"Saline, MO",48459
29197,"Schuyler, MO",41537
29199,"Scotland, MO",51388
29201,"Scott, MO",50224
29203,"Shannon, MO",40361
29205,"Shelby, MO",49852
29207,"Stoddard, MO",47260
29209,"Stone, MO",48675
29211,"Sullivan, MO",45030
29213,"Taney, MO",45663
29215,"Texas, MO",36817
29217,"Vernon, MO",44498
29219,"Warren, MO",51198
29221,"Washington, MO",37930
29223,"Wayne, MO",42075
29225,"Webster, MO",41862
29227,"Worth, MO",42741
29229,"Wright, MO",38778
29510,"St. Louis (Independent City), MO",59103
30001,"Beaverhead, MT",58781
30003,"Big Horn, MT",38252
30005,"Blaine, MT",38108
30007,"Broadwater, MT",52237
30009,"Carbon, MT",64832
30011,"Carter, MT",45694
30013,"Cascade, MT",57467
30015,"Chouteau, MT",56331
30017,"Custer, MT",53904
30019,"Daniels, MT",64957
30021,"Dawson, MT",51407
30023,"Deer Lodge, MT",48686
30025,"Fallon, MT",51584
30027,"Fergus, MT",53797
30029,"Flathead, MT",65526
30031,"Gallatin, MT",82724
30033,"Garfield, MT",51024
30035,"Glacier, MT",46291
30037,"Golden Valley, MT",55235
30039,"Granite, MT",52121
30041,"Hill, MT",54697
30043,"Jefferson, MT",60487
30045,"Judith Basin, MT",59808
30047,"Lake, MT",47405
30049,"Lewis and Clark, MT",59370
30051,"Liberty, MT",70344
30053,"Lincoln, MT",45741
30055,"McCone, MT",54422
30057,"Madison, MT",71901
30059,"Meagher, MT",54853
30061,"Mineral, MT",44674
30063,"Missoula, MT",64877
30065,"Musselshell, MT",49164
30067,"Park, MT",62777
30069,"Petroleum, MT",40588
30071,"Phillips, MT",46662
30073,"Pondera, MT",62256
30075,"Powder River, MT",45667
30077,"Powell, MT",49323
30079,"Prairie, MT",56547
30081,"Ravalli, MT",59678
30083,"Richland, MT",68197
30085,"Roosevelt, MT",44443
30087,"Rosebud, MT",54157
30089,"Sanders, MT",43437
30091,"Sheridan, MT",54548
30093,"Silver Bow, MT",57675
30095,"Stillwater, MT",65372
30097,"Sweet Grass, MT",57142
30099,"Teton, MT",59818
30101,"Toole, MT",61245
30103,"Treasure, MT",56895
30105,"Valley, MT",61484
30107,"Wheatland, MT",51843
30109,"Wibaux, MT",47904
30111,"Yellowstone, MT",65839
31001,"Adams, NE",63095
31003,"Antelope, NE",70558
31005,"Arthur, NE",54241
31007,"Banner, NE",72247
31009,"Blaine, NE",57931
31011,"Boone, NE",66367
31013,"Box Butte, NE",57033
31015,"Boyd, NE",78522
31017,"Brown, NE",61177
31019,"Buffalo, NE",68468
31021,"Burt, NE",55047
31023,"Butler, NE",66507
31025,"Cass, NE",63577
31027,"Cedar, NE",65141
31029,"Chase, NE",73936
31031,"Cherry, NE",56904
31033,"Cheyenne, NE",51118
31035,"Clay, NE",63435
31037,"Colfax, NE",56331
31039,"Cuming, NE",74820
31041,"Custer, NE",58600
31043,"Dakota, NE",58561
31045,"Dawes, NE",46199
31047,"Dawson, NE",51698
31049,"Deuel, NE",47152
31051,"Dixon, NE",57884
31053,"Dodge, NE",61682
31055,"Douglas, NE",76692
31057,"Dundy, NE",98270
31059,"Fillmore, NE",74906
31061,"Franklin, NE",61519
31063,"Frontier, NE",55913
31065,"Furnas, NE",61182
31067,"Gage, NE",75117
31069,"Garden, NE",58047
31071,"Garfield, NE",50941
31073,"Gosper, NE",68478
31075,"Grant, NE",49525
31077,"Greeley, NE",65708
31079,"Hall, NE",55627
31081,"Hamilton, NE",68050
31083,"Harlan, NE",65239
31085,"Hayes, NE",82479
31087,"Hitchcock, NE",64427
31089,"Holt, NE",64258
31091,"Hooker, NE",46987
31093,"Howard, NE",56871
31095,"Jefferson, NE",55716
31097,"Johnson, NE",44202
31099,"Kearney, NE",77335
31101,"Keith, NE",55396
31103,"Keya Paha, NE",58816
31105,"Kimball, NE",61386
31107,"Knox, NE",62275
31109,"Lancaster, NE",61748
31111,"Lincoln, NE",66615
31113,"Logan, NE",57567
31115,"Loup, NE",60141
31117,"McPherson, NE",63324
31119,"Madison, NE",63613
31121,"Merrick, NE",59465
31123,"Morrill, NE",69938
31125,"Nance, NE",51536
31127,"Nemaha, NE",57582
31129,"Nuckolls, NE",65936
31131,"Otoe, NE",58605
31133,"Pawnee, NE",57953
31135,"Perkins, NE",100398
31137,"Phelps, NE",62739
31139,"Pierce, NE",97775
31141,"Platte, NE",57632
31143,"Polk, NE",68326
31145,"Red Willow, NE",55669
31147,"Richardson, NE",58060
31149,"Rock, NE",79266
31151,"Saline, NE",51818
31153,"Sarpy, NE",62831
31155,"Saunders, NE",66647
31157,"Scotts Bluff, NE",53047
31159,"Seward, NE",63143
31161,"Sheridan, NE",63884
31163,"Sherman, NE",56897
31165,"Sioux, NE",72670
31167,"Stanton, NE",60802
31169,"Thayer, NE",63642
31171,"Thomas, NE",66063
31173,"Thurston, NE",57161
31175,"Valley, NE",66480
31177,"Washington, NE",69410
31179,"Wayne, NE",53942
31181,"Webster, NE",57695
31183,"Wheeler, NE",58235
31185,"York, NE",63649
32001,"Churchill, NV",54307
32003,"Clark, NV",60318
32005,"Douglas, NV",95736
32007,"Elko, NV",54281
32009,"Esmeralda, NV",61587
32011,"Eureka, NV",52975
32013,"Humboldt, NV",54497
32015,"Lander, NV",77587
32017,"Lincoln, NV",50600
32019,"Lyon, NV",48049
32021,"Mineral, NV",46144
32023,"Nye, NV",42256
32027,"Pershing, NV",41021
32029,"Storey, NV",75481
32031,"Washoe, NV",77095
32033,"White Pine, NV",58444
32510,"Carson City (Independent City), NV",60087
33001,"Belknap, NH",75822
33003,"Carroll, NH",74382
33005,"Cheshire, NH",64297
33007,"Coos, NH",53286
33009,"Grafton, NH",75311
33011,"Hillsborough, NH",73025
33013,"Merrimack, NH",70176
33015,"Rockingham, NH",92375
33017,"Strafford, NH",63101
33019,"Sullivan, NH",64626
34001,"Atlantic, NJ",57121
34003,"Bergen, NJ",96082
34005,"Burlington, NJ",70909
34007,"Camden, NJ",61925
34009,"Cape May, NJ",73354
34011,"Cumberland, NJ",47627
34013,"Essex, NJ",76010
34015,"Gloucester, NJ",62599
34017,"Hudson, NJ",75554
34019,"Hunterdon, NJ",99661
34021,"Mercer, NJ",79930
34023,"Middlesex, NJ",70918
34025,"Monmouth, NJ",94479
34027,"Morris, NJ",108860
34029,"Ocean, NJ",58568
34031,"Passaic, NJ",57076
34033,"Salem, NJ",54948
34035,"Somerset, NJ",112772
34037,"Sussex, NJ",71218
34039,"Union, NJ",77975
34041,"Warren, NJ",62899
35001,"Bernalillo, NM",56302
35003,"Catron, NM",41623
35005,"Chaves, NM",52755
35006,"Cibola, NM*",35073
35007,"Colfax, NM",49711
35009,"Curry, NM",56790
35011,"De Baca, NM",56960
35013,"Doña Ana, NM",46222
35015,"Eddy, NM",72029
35017,"Grant, NM",51125
35019,"Guadalupe, NM",44304
35021,"Harding, NM",50102
35023,"Hidalgo, NM",53778
35025,"Lea, NM",54855
35027,"Lincoln, NM",51411
35028,"Los Alamos, NM",87151
35029,"Luna, NM",38312
35031,"McKinley, NM",35356
35033,"Mora, NM",54743
35035,"Otero, NM",42411
35037,"Quay, NM",48467
35039,"Rio Arriba, NM",44677
35041,"Roosevelt, NM",52664
35043,"Sandoval, NM",53603
35045,"San Juan, NM",44167
35047,"San Miguel, NM",45840
35049,"Santa Fe, NM",73047
35051,"Sierra, NM",49412
35053,"Socorro, NM",43912
35055,"Taos, NM",47398
35057,"Torrance, NM",45580
35059,"Union, NM",44458
35061,"Valencia, NM*",45310
36001,"Albany, NY",73955
36003,"Allegany, NY",40655
36005,"Bronx, NY",42681
36007,"Broome, NY",49216
36009,"Cattaraugus, NY",46130
36011,"Cayuga, NY",52081
36013,"Chautauqua, NY",47384
36015,"Chemung, NY",52263
36017,"Chenango, NY",51407
36019,"Clinton, NY",52469
36021,"Columbia, NY",70483
36023,"Cortland, NY",48989
36025,"Delaware, NY",47077
36027,"Dutchess, NY",67411
36029,"Erie, NY",58474
36031,"Essex, NY",55108
36033,"Franklin, NY",50587
36035,"Fulton, NY",51246
36037,"Genesee, NY",51106
36039,"Greene, NY",58122
36041,"Hamilton, NY",55099
36043,"Herkimer, NY",49643
36045,"Jefferson, NY",53267
36047,"Kings, NY",63568
36049,"Lewis, NY",55558
36051,"Livingston, NY",50748
36053,"Madison, NY",56355
36055,"Monroe, NY",60223
36057,"Montgomery, NY",48622
36059,"Nassau, NY",98602
36061,"New York, NY",199790
36063,"Niagara, NY",53108
36065,"Oneida, NY",53010
36067,"Onondaga, NY",60868
36069,"Ontario, NY",61665
36071,"Orange, NY",57379
36073,"Orleans, NY",46482
36075,"Oswego, NY",47562
36077,"Otsego, NY",50515
36079,"Putnam, NY",79770
36081,"Queens, NY",57117
36083,"Rensselaer, NY",57879
36085,"Richmond, NY",62827
36087,"Rockland, NY",67179
36089,"St. Lawrence, NY",45560
36091,"Saratoga, NY",76673
36093,"Schenectady, NY",56988
36095,"Schoharie, NY",50710
36097,"Schuyler, NY",50300
36099,"Seneca, NY",48575
36101,"Steuben, NY",55066
36103,"Suffolk, NY",83523
36105,"Sullivan, NY",55021
36107,"Tioga, NY",52156
36109,"Tompkins, NY",50913
36111,"Ulster, NY",62775
36113,"Warren, NY",62763
36115,"Washington, NY",48477
36117,"Wayne, NY",55141
36119,"Westchester, NY",123313
36121,"Wyoming, NY",50868
36123,"Yates, NY",50708
37001,"Alamance, NC",49489
37003,"Alexander, NC",49076
37005,"Alleghany, NC",44841
37007,"Anson, NC",50641
37009,"Ashe, NC",44246
37011,"Avery, NC",47075
37013,"Beaufort, NC",54699
37015,"Bertie, NC",50094
37017,"Bladen, NC",49757
37019,"Brunswick, NC",58784
37021,"Buncombe, NC",62220
37023,"Burke, NC",45854
37025,"Cabarrus, NC",55209
37027,"Caldwell, NC",45750
37029,"Camden, NC",55743
37031,"Carteret, NC",64333
37033,"Caswell, NC",42156
37035,"Catawba, NC",55262
37037,"Chatham, NC",82059
37039,"Cherokee, NC",40143
37041,"Chowan, NC",51211
37043,"Clay, NC",44882
37045,"Cleveland, NC",45805
37047,"Columbus, NC",44401
37049,"Craven, NC",54108
37051,"Cumberland, NC",46246
37053,"Currituck, NC",58153
37055,"Dare, NC",74031
37057,"Davidson, NC",49588
37059,"Davie, NC",60916
37061,"Duplin, NC",55562
37063,"Durham, NC",61727
37065,"Edgecombe, NC",44542
37067,"Forsyth, NC",58194
37069,"Franklin, NC",47247
37071,"Gaston, NC",50203
37073,"Gates, NC",50916
37075,"Graham, NC",41259
37077,"Granville, NC",48710
37079,"Greene, NC",39679
37081,"Guilford, NC",56823
37083,"Halifax, NC",45062
37085,"Harnett, NC",45744
37087,"Haywood, NC",50923
37089,"Henderson, NC",55676
37091,"Hertford, NC",44658
37093,"Hoke, NC",41728
37095,"Hyde, NC",49348
37097,"Iredell, NC",63652
37099,"Jackson, NC",44774
37101,"Johnston, NC",50324
37103,"Jones, NC",50427
37105,"Lee, NC",50884
37107,"Lenoir, NC",51897
37109,"Lincoln, NC",58622
37111,"McDowell, NC",45168
37113,"Macon, NC",49611
37115,"Madison, NC",44944
37117,"Martin, NC",42489
37119,"Mecklenburg, NC",78578
37121,"Mitchell, NC",44394
37123,"Montgomery, NC",46855
37125,"Moore, NC",64977
37127,"Nash, NC",50608
37129,"New Hanover, NC",61827
37131,"Northampton, NC",48352
37133,"Onslow, NC",52257
37135,"Orange, NC",77919
37137,"Pamlico, NC",53499
37139,"Pasquotank, NC",48221
37141,"Pender, NC",51231
37143,"Perquimans, NC",53446
37145,"Person, NC",46798
37147,"Pitt, NC",52918
37149,"Polk, NC",62918
37151,"Randolph, NC",47505
37153,"Richmond, NC",46436
37155,"Robeson, NC",42610
37157,"Rockingham, NC",46323
37159,"Rowan, NC",46911
37161,"Rutherford, NC",42719
37163,"Sampson, NC",48193
37165,"Scotland, NC",42879
37167,"Stanly, NC",48517
37169,"Stokes, NC",47150
37171,"Surry, NC",49716
37173,"Swain, NC",52414
37175,"Transylvania, NC",56344
37177,"Tyrrell, NC",42915
37179,"Union, NC",69694
37181,"Vance, NC",43878
37183,"Wake, NC",77490
37185,"Warren, NC",37599
37187,"Washington, NC",45783
37189,"Watauga, NC",49148
37191,"Wayne, NC",48917
37193,"Wilkes, NC",49209
37195,"Wilson, NC",49268
37197,"Yadkin, NC",48648
37199,"Yancey, NC",43135
38001,"Adams, ND",61737
38003,"Barnes, ND",74640
38005,"Benson, ND",66671
38007,"Billings, ND",82400
38009,"Bottineau, ND",89099
38011,"Bowman, ND",72555
38013,"Burke, ND",102224
38015,"Burleigh, ND",71750
38017,"Cass, ND",69537
38019,"Cavalier, ND",134389
38021,"Dickey, ND",98298
38023,"Divide, ND",75269
38025,"Dunn, ND",102416
38027,"Eddy, ND",90007
38029,"Emmons, ND",89013
38031,"Foster, ND",87293
38033,"Golden Valley, ND",54613
38035,"Grand Forks, ND",61753
38037,"Grant, ND",64346
38039,"Griggs, ND",93672
38041,"Hettinger, ND",68024
38043,"Kidder, ND",81378
38045,"LaMoure, ND",93947
38047,"Logan, ND",83023
38049,"McHenry, ND",77379
38051,"McIntosh, ND",85453
38053,"McKenzie, ND",80015
38055,"McLean, ND",77951
38057,"Mercer, ND",65236
38059,"Morton, ND",61923
38061,"Mountrail, ND",83758
38063,"Nelson, ND",91435
38065,"Oliver, ND",61703
38067,"Pembina, ND",90253
38069,"Pierce, ND",73344
38071,"Ramsey, ND",68947
38073,"Ransom, ND",76002
38075,"Renville, ND",113733
38077,"Richland, ND",66200
38079,"Rolette, ND",57834
38081,"Sargent, ND",91511
38083,"Sheridan, ND",94149
38085,"Sioux, ND",40061
38087,"Slope, ND",63928
38089,"Stark, ND",68320
38091,"Steele, ND",109551
38093,"Stutsman, ND",67646
38095,"Towner, ND",126937
38097,"Traill, ND",74279
38099,"Walsh, ND",75681
38101,"Ward, ND",64119
38103,"Wells, ND",105852
38105,"Williams, ND",72728
39001,"Adams, OH",43159
39003,"Allen, OH",50807
39005,"Ashland, OH",48042
39007,"Ashtabula, OH",47541
39009,"Athens, OH",40836
39011,"Auglaize, OH",56750
39013,"Belmont, OH",48382
39015,"Brown, OH",46834
39017,"Butler, OH",55505
39019,"Carroll, OH",48295
39021,"Champaign, OH",49261
39023,"Clark, OH",48030
39025,"Clermont, OH",60323
39027,"Clinton, OH",51543
39029,"Columbiana, OH",45377
39031,"Coshocton, OH",42488
39033,"Crawford, OH",45973
39035,"Cuyahoga, OH",64523
39037,"Darke, OH",52633
39039,"Defiance, OH",48038
39041,"Delaware, OH",88010
39043,"Erie, OH",58003
39045,"Fairfield, OH",55648
39047,"Fayette, OH",47620
39049,"Franklin, OH",60912
39051,"Fulton, OH",54023
39053,"Gallia, OH",47299
39055,"Geauga, OH",81234
39057,"Greene, OH",60576
39059,"Guernsey, OH",48967
39061,"Hamilton, OH",71953
39063,"Hancock, OH",59487
39065,"Hardin, OH",40502
39067,"Harrison, OH",47045
39069,"Henry, OH",53207
39071,"Highland, OH",44602
39073,"Hocking, OH",46040
39075,"Holmes, OH",57026
39077,"Huron, OH",48279
39079,"Jackson, OH",41294
39081,"Jefferson, OH",46385
39083,"Knox, OH",52476
39085,"Lake, OH",59810
39087,"Lawrence, OH",48425
39089,"Licking, OH",55825
39091,"Logan, OH",49408
39093,"Lorain, OH",55845
39095,"Lucas, OH",54254
39097,"Madison, OH",53595
39099,"Mahoning, OH",51786
39101,"Marion, OH",43601
39103,"Medina, OH",66528
39105,"Meigs, OH",42277
39107,"Mercer, OH",61545
39109,"Miami, OH",56651
39111,"Monroe, OH",42763
39113,"Montgomery, OH",55123
39115,"Morgan, OH",43214
39117,"Morrow, OH",49235
39119,"Muskingum, OH",49985
39121,"Noble, OH",31369
39123,"Ottawa, OH",62899
39125,"Paulding, OH",50980
39127,"Perry, OH",46802
39129,"Pickaway, OH",50568
39131,"Pike, OH",46185
39133,"Portage, OH",53891
39135,"Preble, OH",49579
39137,"Putnam, OH",59826
39139,"Richland, OH",45499
39141,"Ross, OH",45196
39143,"Sandusky, OH",49414
39145,"Scioto, OH",46490
39147,"Seneca, OH",48160
39149,"Shelby, OH",52876
39151,"Stark, OH",54014
39153,"Summit, OH",61027
39155,"Trumbull, OH",46745
39157,"Tuscarawas, OH",54140
39159,"Union, OH",69340
39161,"Van Wert, OH",50030
39163,"Vinton, OH",40979
39165,"Warren, OH",73235
39167,"Washington, OH",51478
39169,"Wayne, OH",53835
39171,"Williams, OH",50010
39173,"Wood, OH",56958
39175,"Wyandot, OH",55585
40001,"Adair, OK",42331
40003,"Alfalfa, OK",44344
40005,"Atoka, OK",35397
40007,"Beaver, OK",67952
40009,"Beckham, OK",39175
40011,"Blaine, OK",52071
40013,"Bryan, OK",44056
40015,"Caddo, OK",44622
40017,"Canadian, OK",52341
40019,"Carter, OK",50824
40021,"Cherokee, OK",40924
40023,"Choctaw, OK",39231
40025,"Cimarron, OK",67240
40027,"Cleveland, OK",51736
40029,"Coal, OK",43855
40031,"Comanche, OK",48269
40033,"Cotton, OK",51715
40035,"Craig, OK",44925
40037,"Creek, OK",48083
40039,"Custer, OK",47390
40041,"Delaware, OK",44350
40043,"Dewey, OK",52032
40045,"Ellis, OK",61165
40047,"Garfield, OK",49429
40049,"Garvin, OK",47869
40051,"Grady, OK",48046
40053,"Grant, OK",56489
40055,"Greer, OK",37630
40057,"Harmon, OK",58735
40059,"Harper, OK",60387
40061,"Haskell, OK",44586
40063,"Hughes, OK",45873
40065,"Jackson, OK",51785
40067,"Jefferson, OK",42763
40069,"Johnston, OK",45772
40071,"Kay, OK",47901
40073,"Kingfisher, OK",70902
40075,"Kiowa, OK",47493
40077,"Latimer, OK",39856
40079,"Le Flore, OK",41821
40081,"Lincoln, OK",43917
40083,"Logan, OK",48453
40085,"Love, OK",43626
40087,"McClain, OK",54884
40089,"McCurtain, OK",44544
40091,"McIntosh, OK",42045
40093,"Major, OK",48237
40095,"Marshall, OK",45498
40097,"Mayes, OK",44971
40099,"Murray, OK",47149
40101,"Muskogee, OK",45216
40103,"Noble, OK",50271
40105,"Nowata, OK",45230
40107,"Okfuskee, OK",37448
40109,"Oklahoma, OK",71119
40111,"Okmulgee, OK",42789
40113,"Osage, OK",43155
40115,"Ottawa, OK",45940
40117,"Pawnee, OK",43550
40119,"Payne, OK",44408
40121,"Pittsburg, OK",42836
40123,"Pontotoc, OK",53239
40125,"Pottawatomie, OK",47105
40127,"Pushmataha, OK",39416
40129,"Roger Mills, OK",48563
40131,"Rogers, OK",52645
40133,"Seminole, OK",42311
40135,"Sequoyah, OK",42788
40137,"Stephens, OK",50475
40139,"Texas, OK",57200
40141,"Tillman, OK",40583
40143,"Tulsa, OK",75178
40145,"Wagoner, OK",48796
40147,"Washington, OK",109890
40149,"Washita, OK",41332
40151,"Woods, OK",49847
40153,"Woodward, OK",41264
41001,"Baker, OR",50065
41003,"Benton, OR",56103
41005,"Clackamas, OR",75388
41007,"Clatsop, OR",56205
41009,"Columbia, OR",55509
41011,"Coos, OR",55016
41013,"Crook, OR",53812
41015,"Curry, OR",52443
41017,"Deschutes, OR",75454
41019,"Douglas, OR",50144
41021,"Gilliam, OR",73465
41023,"Grant, OR",51993
41025,"Harney, OR",52084
41027,"Hood River, OR",66315
41029,"Jackson, OR",58066
41031,"Jefferson, OR",43870
41033,"Josephine, OR",51241
41035,"Klamath, OR",48435
41037,"Lake, OR",47868
41039,"Lane, OR",56937
41041,"Lincoln, OR",55198
41043,"Linn, OR",53933
41045,"Malheur, OR",39817
41047,"Marion, OR",54787
41049,"Morrow, OR",59976
41051,"Multnomah, OR",71390
41053,"Polk, OR",51314
41055,"Sherman, OR",68498
41057,"Tillamook, OR",57893
41059,"Umatilla, OR",50689
41061,"Union, OR",50154
41063,"Wallowa, OR",56650
41065,"Wasco, OR",53537
41067,"Washington, OR",74762
41069,"Wheeler, OR",45328
41071,"Yamhill, OR",58703
42001,"Adams, PA",56290
42003,"Allegheny, PA",70959
42005,"Armstrong, PA",56596
42007,"Beaver, PA",54998
42009,"Bedford, PA",50183
42011,"Berks, PA",58472
42013,"Blair, PA",54872
42015,"Bradford, PA",48872
42017,"Bucks, PA",87411
42019,"Butler, PA",68432
42021,"Cambria, PA",47912
42023,"Cameron, PA",51299
42025,"Carbon, PA",58328
42027,"Centre, PA",54553
42029,"Chester, PA",101233
42031,"Clarion, PA",47416
42033,"Clearfield, PA",54734
42035,"Clinton, PA",46157
42037,"Columbia, PA",49759
42039,"Crawford, PA",48616
42041,"Cumberland, PA",65404
42043,"Dauphin, PA",57844
42045,"Delaware, PA",78448
42047,"Elk, PA",50604
42049,"Erie, PA",51347
42051,"Fayette, PA",49022
42053,"Forest, PA",28277
42055,"Franklin, PA",55714
42057,"Fulton, PA",47779
42059,"Greene, PA",50403
42061,"Huntingdon, PA",45956
42063,"Indiana, PA",45822
42065,"Jefferson, PA",48251
42067,"Juniata, PA",59639
42069,"Lackawanna, PA",54278
42071,"Lancaster, PA",63990
42073,"Lawrence, PA",50878
42075,"Lebanon, PA",56679
42077,"Lehigh, PA",62106
42079,"Luzerne, PA",50722
42081,"Lycoming, PA",50705
42083,"McKean, PA",48895
42085,"Mercer, PA",48510
42087,"Mifflin, PA",47196
42089,"Monroe, PA",51772
42091,"Montgomery, PA",94507
42093,"Montour, PA",66679
42095,"Northampton, PA",63815
42097,"Northumberland, PA",48351
42099,"Perry, PA",54580
42101,"Philadelphia, PA",58506
42103,"Pike, PA",55818
42105,"Potter, PA",45992
42107,"Schuylkill, PA",49662
42109,"Snyder, PA",53040
42111,"Somerset, PA",47009
42113,"Sullivan, PA",56097
42115,"Susquehanna, PA",59182
42117,"Tioga, PA",46754
42119,"Union, PA",50828
42121,"Venango, PA",49083
42123,"Warren, PA",48778
42125,"Washington, PA",70915
42127,"Wayne, PA",54149
42129,"Westmoreland, PA",59961
42131,"Wyoming, PA",54600
42133,"York, PA",58073
44001,"Bristol, RI",88464
44003,"Kent, RI",68318
44005,"Newport, RI",85433
44007,"Providence, RI",56008
44009,"Washington, RI",79420
45001,"Abbeville, SC",41016
45003,"Aiken, SC",52141
45005,"Allendale, SC",43114
45007,"Anderson, SC",48090
45009,"Bamberg, SC",41997
45011,"Barnwell, SC",40449
45013,"Beaufort, SC",76326
45015,"Berkeley, SC",51606
45017,"Calhoun, SC",50072
45019,"Charleston, SC",78790
45021,"Cherokee, SC",40403
45023,"Chester, SC",43363
45025,"Chesterfield, SC",39232
45027,"Clarendon, SC",46230
45029,"Colleton, SC",43763
45031,"Darlington, SC",48119
45033,"Dillon, SC",39087
45035,"Dorchester, SC",49764
45037,"Edgefield, SC",48155
45039,"Fairfield, SC",49932
45041,"Florence, SC",52295
45043,"Georgetown, SC",59421
45045,"Greenville, SC",57900
45047,"Greenwood, SC",44329
45049,"Hampton, SC",41733
45051,"Horry, SC",48453
45053,"Jasper, SC",45332
45055,"Kershaw, SC",53637
45057,"Lancaster, SC",55549
45059,"Laurens, SC",42396
45061,"Lee, SC",43051
45063,"Lexington, SC",57381
45065,"McCormick, SC",47292
45067,"Marion, SC",41686
45069,"Marlboro, SC",38071
45071,"Newberry, SC",48062
45073,"Oconee, SC",55147
45075,"Orangeburg, SC",42603
45077,"Pickens, SC",46934
45079,"Richland, SC",53941
45081,"Saluda, SC",44540
45083,"Spartanburg, SC",51411
45085,"Sumter, SC",47575
45087,"Union, SC",39062
45089,"Williamsburg, SC",39211
45091,"York, SC",59612
46003,"Aurora, SD",60456
46005,"Beadle, SD",59380
46007,"Bennett, SD",50179
46009,"Bon Homme, SD",58587
46011,"Brookings, SD",59570
46013,"Brown, SD",73637
46015,"Brule, SD",72026
46017,"Buffalo, SD",37591
46019,"Butte, SD",48025
46021,"Campbell, SD",83191
46023,"Charles Mix, SD",54833
46025,"Clark, SD",88785
46027,"Clay, SD",48740
46029,"Codington, SD",64416
46031,"Corson, SD",42573
46033,"Custer, SD",64150
46035,"Davison, SD",65503
46037,"Day, SD",73056
46039,"Deuel, SD",71089
46041,"Dewey, SD",56096
46043,"Douglas, SD",76832
46045,"Edmunds, SD",100520
46047,"Fall River, SD",55084
46049,"Faulk, SD",100274
46051,"Grant, SD",71389
46053,"Gregory, SD",60998
46055,"Haakon, SD",84629
46057,"Hamlin, SD",66274
46059,"Hand, SD",88086
46061,"Hanson, SD",83127
46063,"Harding, SD",52474
46065,"Hughes, SD",64346
46067,"Hutchinson, SD",75303
46069,"Hyde, SD",82309
46071,"Jackson, SD",45025
46073,"Jerauld, SD",83247
46075,"Jones, SD",77205
46077,"Kingsbury, SD",75600
46079,"Lake, SD",83974
46081,"Lawrence, SD",71453
46083,"Lincoln, SD",84295
46085,"Lyman, SD",59069
46087,"McCook, SD",73734
46089,"McPherson, SD",81818
46091,"Marshall, SD",78276
46093,"Meade, SD",54716
46095,"Mellette, SD",46862
46097,"Miner, SD",77792
46099,"Minnehaha, SD",72108
46101,"Moody, SD",66130
46102,"Oglala Lakota, SD*",36599
46103,"Pennington, SD",70240
46105,"Perkins, SD",54961
46107,"Potter, SD",82149
46109,"Roberts, SD",55625
46111,"Sanborn, SD",65808
46115,"Spink, SD",92010
46117,"Stanley, SD",77991
46119,"Sully, SD",108677
46121,"Todd, SD",36342
46123,"Tripp, SD",67065
46125,"Turner, SD",77722
46127,"Union, SD",131212
46129,"Walworth, SD",64234
46135,"Yankton, SD",67210
46137,"Ziebach, SD",37106
47001,"Anderson, TN",53486
47003,"Bedford, TN",47362
47005,"Benton, TN",41806
47007,"Bledsoe, TN",35348
47009,"Blount, TN",55330
47011,"Bradley, TN",47982
47013,"Campbell, TN",43139
47015,"Cannon, TN",46643
47017,"Carroll, TN",42328
47019,"Carter, TN",40838
47021,"Cheatham, TN",57784
47023,"Chester, TN",40903
47025,"Claiborne, TN",42834
47027,"Clay, TN",41175
47029,"Cocke, TN",40715
47031,"Coffee, TN",47715
47033,"Crockett, TN",47806
47035,"Cumberland, TN",45442
47037,"Davidson, TN",87363
47039,"Decatur, TN",49075
47041,"DeKalb, TN",48548
47043,"Dickson, TN",52943
47045,"Dyer, TN",50839
47047,"Fayette, TN",76378
47049,"Fentress, TN",41578
47051,"Franklin, TN",47700
47053,"Gibson, TN",46660
47055,"Giles, TN",44988
47057,"Grainger, TN",43619
47059,"Greene, TN",43709
47061,"Grundy, TN",38852
47063,"Hamblen, TN",47779
47065,"Hamilton, TN",62149
47067,"Hancock, TN",32288
47069,"Hardeman, TN",35007
47071,"Hardin, TN",44927
47073,"Hawkins, TN",41852
47075,"Haywood, TN",38397
47077,"Henderson, TN",45961
47079,"Henry, TN",53630
47081,"Hickman, TN",43455
47083,"Houston, TN",39626
47085,"Humphreys, TN",44653
47087,"Jackson, TN",37998
47089,"Jefferson, TN",45646
47091,"Johnson, TN",39315
47093,"Knox, TN",63551
47095,"Lake, TN",30050
47097,"Lauderdale, TN",39427
47099,"Lawrence, TN",41749
47101,"Lewis, TN",42211
47103,"Lincoln, TN",49332
47105,"Loudon, TN",66975
47107,"McMinn, TN",43999
47109,"McNairy, TN",38320
47111,"Macon, TN",40946
47113,"Madison, TN",52009
47115,"Marion, TN",49518
47117,"Marshall, TN",49192
47119,"Maury, TN",54367
47121,"Meigs, TN",40507
47123,"Monroe, TN",42458
47125,"Montgomery, TN",49976
47127,"Moore, TN",48807
47129,"Morgan, TN",38518
47131,"Obion, TN",49177
47133,"Overton, TN",40372
47135,"Perry, TN",35813
47137,"Pickett, TN",41542
47139,"Polk, TN",41729
47141,"Putnam, TN",48634
47143,"Rhea, TN",43329
47145,"Roane, TN",50756
47147,"Robertson, TN",54089
47149,"Rutherford, TN",52042
47151,"Scott, TN",37283
47153,"Sequatchie, TN",45485
47155,"Sevier, TN",54323
47157,"Shelby, TN",58667
47159,"Smith, TN",47843
47161,"Stewart, TN",48563
47163,"Sullivan, TN",51657
47165,"Sumner, TN",64969
47167,"Tipton, TN",49909
47169,"Trousdale, TN",38270
47171,"Unicoi, TN",43486
47173,"Union, TN",41274
47175,"Van Buren, TN",34753
47177,"Warren, TN",42472
47179,"Washington, TN",52922
47181,"Wayne, TN",36548
47183,"Weakley, TN",45569
47185,"White, TN",41258
47187,"Williamson, TN",121528
47189,"Wilson, TN",64718
48001,"Anderson, TX",45353
48003,"Andrews, TX",55070
48005,"Angelina, TX",49084
48007,"Aransas, TX",63888
48009,"Archer, TX",65481
48011,"Armstrong, TX",67808
48013,"Atascosa, TX",47125
48015,"Austin, TX",62237
48017,"Bailey, TX",51051
48019,"Bandera, TX",59469
48021,"Bastrop, TX",45679
48023,"Baylor, TX",65779
48025,"Bee, TX",35359
48027,"Bell, TX",49901
48029,"Bexar, TX",55474
48031,"Blanco, TX",74760
48033,"Borden, TX",154014
48035,"Bosque, TX",54489
48037,"Bowie, TX",49155
48039,"Brazoria, TX",57099
48041,"Brazos, TX",48173
48043,"Brewster, TX",55018
48045,"Briscoe, TX",74430
48047,"Brooks, TX",42584
48049,"Brown, TX",47576
48051,"Burleson, TX",58471
48053,"Burnet, TX",64314
48055,"Caldwell, TX",43372
48057,"Calhoun, TX",57667
48059,"Callahan, TX",52090
48061,"Cameron, TX",37642
48063,"Camp, TX",49530
48065,"Carson, TX",55413
48067,"Cass, TX",47381
48069,"Castro, TX",95420
48071,"Chambers, TX",61625
48073,"Cherokee, TX",44945
48075,"Childress, TX",47930
48077,"Clay, TX",54104
48079,"Cochran, TX",64552
48081,"Coke, TX",52621
48083,"Coleman, TX",59124
48085,"Collin, TX",82805
48087,"Collingsworth, TX",55010
48089,"Colorado, TX",59721
48091,"Comal, TX",72778
48093,"Comanche, TX",54503
48095,"Concho, TX",43796
48097,"Cooke, TX",60392
48099,"Coryell, TX",38145
48101,"Cottle, TX",99246
48103,"Crane, TX",54874
48105,"Crockett, TX",61379
48107,"Crosby, TX",55203
48109,"Culberson, TX",84634
48111,"Dallam, TX",69397
48113,"Dallas, TX",77402
48115,"Dawson, TX",57093
48117,"Deaf Smith, TX",66897
48119,"Delta, TX",48347
48121,"Denton, TX",74224
48123,"DeWitt, TX",75852
48125,"Dickens, TX",55138
48127,"Dimmit, TX",52835
48129,"Donley, TX",48742
48131,"Duval, TX",49926
48133,"Eastland, TX",53846
48135,"Ector, TX",56020
48137,"Edwards, TX",69498
48139,"Ellis, TX",55184
48141,"El Paso, TX",44748
48143,"Erath, TX",50935
48145,"Falls, TX",44405
48147,"Fannin, TX",46972
48149,"Fayette, TX",69211
48151,"Fisher, TX",65008
48153,"Floyd, TX",51378
48155,"Foard, TX",75997
48157,"Fort Bend, TX",69262
48159,"Franklin, TX",57330
48161,"Freestone, TX",45792
48163,"Frio, TX",39097
48165,"Gaines, TX",54087
48167,"Galveston, TX",61684
48169,"Garza, TX",47701
48171,"Gillespie, TX",88235
48173,"Glasscock, TX",130570
48175,"Goliad, TX",59531
48177,"Gonzales, TX",65517
48179,"Gray, TX",50111
48181,"Grayson, TX",53822
48183,"Gregg, TX",58096
48185,"Grimes, TX",43169
48187,"Guadalupe, TX",56029
48189,"Hale, TX",45110
48191,"Hall, TX",47251
48193,"Hamilton, TX",70950
48195,"Hansford, TX",83650
48197,"Hardeman, TX",60929
48199,"Hardin, TX",53708
48201,"Harris, TX",71328
48203,"Harrison, TX",48614
48205,"Hartley, TX",85752
48207,"Haskell, TX",53668
48209,"Hays, TX",61230
48211,"Hemphill, TX",79701
48213,"Henderson, TX",50784
48215,"Hidalgo, TX",33794
48217,"Hill, TX",50805
48219,"Hockley, TX",53147
48221,"Hood, TX",63410
48223,"Hopkins, TX",54532
48225,"Houston, TX",51118
48227,"Howard, TX",64213
48229,"Hudspeth, TX",37083
48231,"Hunt, TX",48064
48233,"Hutchinson, TX",50432
48235,"Irion, TX",79291
48237,"Jack, TX",51165
48239,"Jackson, TX",51945
48241,"Jasper, TX",51162
48243,"Jeff Davis, TX",61280
48245,"Jefferson, TX",48392
48247,"Jim Hogg, TX",42576
48249,"Jim Wells, TX",49612
48251,"Johnson, TX",53116
48253,"Jones, TX",42156
48255,"Karnes, TX",80495
48257,"Kaufman, TX",50243
48259,"Kendall, TX",104398
48261,"Kenedy, TX",36422
48263,"Kent, TX",68631
48265,"Kerr, TX",65058
48267,"Kimble, TX",55112
48269,"King, TX",132961
48271,"Kinney, TX",41942
48273,"Kleberg, TX",46410
48275,"Knox, TX",55027
48277,"Lamar, TX",50924
48279,"Lamb, TX",62644
48281,"Lampasas, TX",59726
48283,"La Salle, TX",48793
48285,"Lavaca, TX",67772
48287,"Lee, TX",55811
48289,"Leon, TX",59322
48291,"Liberty, TX",42271
48293,"Limestone, TX",48241
48295,"Lipscomb, TX",131393
48297,"Live Oak, TX",48311
48299,"Llano, TX",68221
48301,"Loving, TX",164064
48303,"Lubbock, TX",52416
48305,"Lynn, TX",68503
48307,"McCulloch, TX",50278
48309,"McLennan, TX",51582
48311,"McMullen, TX",113557
48313,"Madison, TX",43341
48315,"Marion, TX",49626
48317,"Martin, TX",106446
48319,"Mason, TX",57729
48321,"Matagorda, TX",50846
48323,"Maverick, TX",39166
48325,"Medina, TX",50668
48327,"Menard, TX",48087
48329,"Midland, TX",146427
48331,"Milam, TX",48048
48333,"Mills, TX",55131
48335,"Mitchell, TX",40454
48337,"Montague, TX",47688
48339,"Montgomery, TX",74822
48341,"Moore, TX",59543
48343,"Morris, TX",49292
48345,"Motley, TX",49181
48347,"Nacogdoches, TX",48753
48349,"Navarro, TX",45504
48351,"Newton, TX",43420
48353,"Nolan, TX",53809
48355,"Nueces, TX",54410
48357,"Ochiltree, TX",65600
48359,"Oldham, TX",76613
48361,"Orange, TX",49866
48363,"Palo Pinto, TX",52731
48365,"Panola, TX",58253
48367,"Parker, TX",70032
48369,"Parmer, TX",72387
48371,"Pecos, TX",45712
48373,"Polk, TX",48000
48375,"Potter, TX",56720
48377,"Presidio, TX",61699
48379,"Rains, TX",42208
48381,"Randall, TX",57502
48383,"Reagan, TX",69198
48385,"Real, TX",58224
48387,"Red River, TX",53726
48389,"Reeves, TX",68688
48391,"Refugio, TX",57370
48393,"Roberts, TX",60659
48395,"Robertson, TX",56495
48397,"Rockwall, TX",73363
48399,"Runnels, TX",55948
48401,"Rusk, TX",45979
48403,"Sabine, TX",45737
48405,"San Augustine, TX",57021
48407,"San Jacinto, TX",45099
48409,"San Patricio, TX",50983
48411,"San Saba, TX",44722
48413,"Schleicher, TX",63105
48415,"Scurry, TX",52226
48417,"Shackelford, TX",120544
48419,"Shelby, TX",65241
48421,"Sherman, TX",120771
48423,"Smith, TX",66367
48425,"Somervell, TX",58958
48427,"Starr, TX",32680
48429,"Stephens, TX",48278
48431,"Sterling, TX",66900
48433,"Stonewall, TX",95125
48435,"Sutton, TX",69650
48437,"Swisher, TX",80178
48439,"Tarrant, TX",64177
48441,"Taylor, TX",56245
48443,"Terrell, TX",64130
48445,"Terry, TX",53626
48447,"Throckmorton, TX",57197
48449,"Titus, TX",52083
48451,"Tom Green, TX",61530
48453,"Travis, TX",88096
48455,"Trinity, TX",47262
48457,"Tyler, TX",42729
48459,"Upshur, TX",44901
48461,"Upton, TX",79723
48463,"Uvalde, TX",52727
48465,"Val Verde, TX",48184
48467,"Van Zandt, TX",46541
48469,"Victoria, TX",56753
48471,"Walker, TX",34220
48473,"Waller, TX",52125
48475,"Ward, TX",63477
48477,"Washington, TX",70576
48479,"Webb, TX",41588
48481,"Wharton, TX",53293
48483,"Wheeler, TX",49799
48485,"Wichita, TX",53496
48487,"Wilbarger, TX",64798
48489,"Willacy, TX",34955
48491,"Williamson, TX",69000
48493,"Wilson, TX",57205
48495,"Winkler, TX",68046
48497,"Wise, TX",56323
48499,"Wood, TX",49503
48501,"Yoakum, TX",59605
48503,"Young, TX",66796
48505,"Zapata, TX",33747
48507,"Zavala, TX",44256
49001,"Beaver, UT",43766
49003,"Box Elder, UT",47677
49005,"Cache, UT",48905
49007,"Carbon, UT",46746
49009,"Daggett, UT",49186
49011,"Davis, UT",59140
49013,"Duchesne, UT",48080
49015,"Emery, UT",40693
49017,"Garfield, UT",48273
49019,"Grand, UT",71523
49021,"Iron, UT",40473
49023,"Juab, UT",51184
49025,"Kane, UT",51114
49027,"Millard, UT",49363
49029,"Morgan, UT",67437
49031,"Piute, UT",63504
49033,"Rich, UT",47047
49035,"Salt Lake, UT",67745
49037,"San Juan, UT",36393
49039,"Sanpete, UT",42656
49041,"Sevier, UT",44102
49043,"Summit, UT",244112
49045,"Tooele, UT",46829
49047,"Uintah, UT",38767
49049,"Utah, UT",54261
49051,"Wasatch, UT",86659
49053,"Washington, UT",51717
49055,"Wayne, UT",52725
49057,"Weber, UT",52944
50001,"Addison, VT",61845
50003,"Bennington, VT",61831
50005,"Caledonia, VT",51588
50007,"Chittenden, VT",72056
50009,"Essex, VT",46338
50011,"Franklin, VT",55889
50013,"Grand Isle, VT",71124
50015,"Lamoille, VT",64487
50017,"Orange, VT",56388
50019,"Orleans, VT",53594
50021,"Rutland, VT",59243
50023,"Washington, VT",70251
50025,"Windham, VT",56438
50027,"Windsor, VT",68330
51001,"Accomack, VA",54927
51007,"Amelia, VA",54041
51009,"Amherst, VA",44920
51011,"Appomattox, VA",45929
51013,"Arlington, VA",116839
51017,"Bath, VA",73729
51019,"Bedford, VA*",54784
51021,"Bland, VA",43948
51023,"Botetourt, VA",59862
51025,"Brunswick, VA",42244
51027,"Buchanan, VA",45961
51029,"Buckingham, VA",39790
51033,"Caroline, VA",51532
51036,"Charles City, VA",58960
51037,"Charlotte, VA",46695
51041,"Chesterfield, VA",62929
51043,"Clarke, VA",77039
51045,"Craig, VA",47694
51047,"Culpeper, VA",56882
51049,"Cumberland, VA",47153
51051,"Dickenson, VA",42298
51057,"Essex, VA",53040
51061,"Fauquier, VA",81846
51063,"Floyd, VA",49173
51065,"Fluvanna, VA",53579
51067,"Franklin, VA",52622
51071,"Giles, VA",49698
51073,"Gloucester, VA",57358
51075,"Goochland, VA",118638
51077,"Grayson, VA",39385
51079,"Greene, VA",52456
51083,"Halifax, VA",45294
51085,"Hanover, VA",72798
51087,"Henrico, VA",73857
51091,"Highland, VA",52434
51093,"Isle of Wight, VA",64169
51097,"King and Queen, VA",56061
51099,"King George, VA",62783
51101,"King William, VA",54865
51103,"Lancaster, VA",76974
51105,"Lee, VA",39652
51107,"Loudoun, VA",96039
51109,"Louisa, VA",51411
51111,"Lunenburg, VA",39328
51113,"Madison, VA",57118
51115,"Mathews, VA",68291
51117,"Mecklenburg, VA",46675
51119,"Middlesex, VA",62216
51125,"Nelson, VA",63841
51127,"New Kent, VA",115233
51131,"Northampton, VA",66139
51133,"Northumberland, VA",61493
51135,"Nottoway, VA",45144
51137,"Orange, VA",59889
51139,"Page, VA",49053
51141,"Patrick, VA",40750
51145,"Powhatan, VA",68246
51147,"Prince Edward, VA",40153
51155,"Pulaski, VA",48493
51157,"Rappahannock, VA",83989
51159,"Richmond, VA",43096
51167,"Russell, VA",41678
51169,"Scott, VA",41603
51171,"Shenandoah, VA",55528
51173,"Smyth, VA",45285
51179,"Stafford, VA",63818
51181,"Surry, VA",53368
51183,"Sussex, VA",38155
51185,"Tazewell, VA",45644
51187,"Warren, VA",55957
51193,"Westmoreland, VA",50727
51197,"Wythe, VA",44919
51510,"Alexandria (Independent City), VA",108556
51550,"Chesapeake (Independent City), VA",58710
51650,"Hampton (Independent City), VA",48962
51700,"Newport News (Independent City), VA",47815
51710,"Norfolk (Independent City), VA",47988
51740,"Portsmouth (Independent City), VA",46238
51760,"Richmond (Independent City), VA",72510
51770,"Roanoke (Independent City), VA",52651
51800,"Suffolk (Independent City), VA",61380
51810,"Virginia Beach (Independent City), VA",67721
51901,"Albemarle + Charlottesville, VA*",95588
51903,"Alleghany + Covington, VA*",46336
51907,"Augusta, Staunton + Waynesboro, VA*",53712
51911,"Campbell + Lynchburg, VA*",46141
51913,"Carroll + Galax, VA*",45391
51918,"Dinwiddie, Colonial Heights + Petersburg, VA*",47068
51919,"Fairfax, Fairfax City + Falls Church, VA*",102447
51921,"Frederick + Winchester, VA*",61221
51923,"Greensville + Emporia, VA*",40032
51929,"Henry + Martinsville, VA*",47021
51931,"James City + Williamsburg, VA*",75579
51933,"Montgomery + Radford, VA*",45983
51939,"Pittsylvania + Danville, VA*",45618
51941,"Prince George + Hopewell, VA*",40458
51942,"Prince William, Manassas + Manassas Park, VA*",64363
51944,"Roanoke + Salem, VA*",59516
51945,"Rockbridge, Buena Vista + Lexington, VA*",47878
51947,"Rockingham + Harrisonburg, VA*",51008
51949,"Southampton + Franklin, VA*",50536
51951,"Spotsylvania + Fredericksburg, VA*",61378
51953,"Washington + Bristol, VA*",48525
51955,"Wise + Norton, VA*",42244
51958,"York + Poquoson, VA*",68183
53001,"Adams, WA",51773
53003,"Asotin, WA",53953
53005,"Benton, WA",54507
53007,"Chelan, WA",64246
53009,"Clallam, WA",55781
53011,"Clark, WA",65697
53013,"Columbia, WA",60187
53015,"Cowlitz, WA",55226
53017,"Douglas, WA",49773
53019,"Ferry, WA",44975
53021,"Franklin, WA",46794
53023,"Garfield, WA",59290
53025,"Grant, WA",49434
53027,"Grays Harbor, WA",46977
53029,"Island, WA",65520
53031,"Jefferson, WA",63918
53033,"King, WA",114289
53035,"Kitsap, WA",68702
53037,"Kittitas, WA",53545
53039,"Klickitat, WA",55144
53041,"Lewis, WA",56424
53043,"Lincoln, WA",50832
53045,"Mason, WA",50811
53047,"Okanogan, WA",50158
53049,"Pacific, WA",47155
53051,"Pend Oreille, WA",49595
53053,"Pierce, WA",61101
53055,"San Juan, WA",86637
53057,"Skagit, WA",63349
53059,"Skamania, WA",63206
53061,"Snohomish, WA",70120
53063,"Spokane, WA",55498
53065,"Stevens, WA",46790
53067,"Thurston, WA",61507
53069,"Wahkiakum, WA",50670
53071,"Walla Walla, WA",54894
53073,"Whatcom, WA",59187
53075,"Whitman, WA",47237
53077,"Yakima, WA",49840
54001,"Barbour, WV",41471
54003,"Berkeley, WV",51455
54005,"Boone, WV",41797
54007,"Braxton, WV",40538
54009,"Brooke, WV",50842
54011,"Cabell, WV",50998
54013,"Calhoun, WV",41526
54015,"Clay, WV",39200
54017,"Doddridge, WV",39297
54019,"Fayette, WV",45201
54021,"Gilmer, WV",36665
54023,"Grant, WV",47851
54025,"Greenbrier, WV",47325
54027,"Hampshire, WV",45010
54029,"Hancock, WV",51261
54031,"Hardy, WV",45433
54033,"Harrison, WV",59948
54035,"Jackson, WV",46252
54037,"Jefferson, WV",62828
54039,"Kanawha, WV",57834
54041,"Lewis, WV",44125
54043,"Lincoln, WV",36862
54045,"Logan, WV",44741
54047,"McDowell, WV",34672
54049,"Marion, WV",49953
54051,"Marshall, WV",50128
54053,"Mason, WV",41727
54055,"Mercer, WV",45424
54057,"Mineral, WV",47727
54059,"Mingo, WV",38389
54061,"Monongalia, WV",55543
54063,"Monroe, WV",40424
54065,"Morgan, WV",43908
54067,"Nicholas, WV",40961
54069,"Ohio, WV",64162
54071,"Pendleton, WV",55029
54073,"Pleasants, WV",50633
54075,"Pocahontas, WV",51445
54077,"Preston, WV",42312
54079,"Putnam, WV",54459
54081,"Raleigh, WV",49458
54083,"Randolph, WV",45933
54085,"Ritchie, WV",55047
54087,"Roane, WV",39503
54089,"Summers, WV",43652
54091,"Taylor, WV",49638
54093,"Tucker, WV",55319
54095,"Tyler, WV",61150
54097,"Upshur, WV",42159
54099,"Wayne, WV",42171
54101,"Webster, WV",32937
54103,"Wetzel, WV",46441
54105,"Wirt, WV",41225
54107,"Wood, WV",56142
54109,"Wyoming, WV",36415
55001,"Adams, WI",44578
55003,"Ashland, WI",47683
55005,"Barron, WI",58710
55007,"Bayfield, WI",52580
55009,"Brown, WI",61974
55011,"Buffalo, WI",56163
55013,"Burnett, WI",49149
55015,"Calumet, WI",59314
55017,"Chippewa, WI",54933
55019,"Clark, WI",50199
55021,"Columbia, WI",64047
55023,"Crawford, WI",49071
55025,"Dane, WI",73988
55027,"Dodge, WI",52959
55029,"Door, WI",72879
55031,"Douglas, WI",50385
55033,"Dunn, WI",49163
55035,"Eau Claire, WI",57975
55037,"Florence, WI",61401
55039,"Fond du Lac, WI",58165
55041,"Forest, WI",46260
55043,"Grant, WI",51665
55045,"Green, WI",63123
55047,"Green Lake, WI",51333
55049,"Iowa, WI",59046
55051,"Iron, WI",53498
55053,"Jackson, WI",50506
55055,"Jefferson, WI",55517
55057,"Juneau, WI",46768
55059,"Kenosha, WI",57601
55061,"Kewaunee, WI",57964
55063,"La Crosse, WI",59341
55065,"Lafayette, WI",52478
55067,"Langlade, WI",51290
55069,"Lincoln, WI",54209
55071,"Manitowoc, WI",54775
55073,"Marathon, WI",60203
55075,"Marinette, WI",51839
55077,"Marquette, WI",49234
55078,"Menominee, WI*",41554
55079,"Milwaukee, WI",57290
55081,"Monroe, WI",50674
55083,"Oconto, WI",53593
55085,"Oneida, WI",57717
55087,"Outagamie, WI",61535
55089,"Ozaukee, WI",98304
55091,"Pepin, WI",61608
55093,"Pierce, WI",58265
55095,"Polk, WI",54900
55097,"Portage, WI",54924
55099,"Price, WI",52148
55101,"Racine, WI",59434
55103,"Richland, WI",51720
55105,"Rock, WI",54101
55107,"Rusk, WI",53608
55109,"St. Croix, WI",67027
55111,"Sauk, WI",62973
55113,"Sawyer, WI",51768
55115,"Shawano, WI*",50959
55117,"Sheboygan, WI",60128
55119,"Taylor, WI",49793
55121,"Trempealeau, WI",51466
55123,"Vernon, WI",49916
55125,"Vilas, WI",61762
55127,"Walworth, WI",64022
55129,"Washburn, WI",55491
55131,"Washington, WI",69100
55133,"Waukesha, WI",86239
55135,"Waupaca, WI",53939
55137,"Waushara, WI",47352
55139,"Winnebago, WI",57288
55141,"Wood, WI",54357
56001,"Albany, WY",50653
56003,"Big Horn, WY",48435
56005,"Campbell, WY",59723
56007,"Carbon, WY",69244
56009,"Converse, WY",68247
56011,"Crook, WY",61597
56013,"Fremont, WY",53871
56015,"Goshen, WY",51140
56017,"Hot Springs, WY",79134
56019,"Johnson, WY",66457
56021,"Laramie, WY",61146
56023,"Lincoln, WY",68685
56025,"Natrona, WY",75500
56027,"Niobrara, WY",56841
56029,"Park, WY",73121
56031,"Platte, WY",56090
56033,"Sheridan, WY",70638
56035,"Sublette, WY",67689
56037,"Sweetwater, WY",60187
56039,"Teton, WY",440019
56041,"Uinta, WY",46500
56043,"Washakie, WY",55225
56045,"Weston, WY",51593
