city,行政区划代码,year,省份,高新技术企业数,高新技术企业数_市辖区,技术合同成交额_万元_全市,技术合同成交额_万元_市辖区,city_en,数据来源
昆明市,530100,2022,云南省,2463.0,2154.0,1767323.0,1710153.0,  Kunming,2-18 高新技术企业数和技术合同成交额
曲靖市,530300,2022,云南省,234.0,119.0,205551.0,159354.0,  Qujing,2-18 高新技术企业数和技术合同成交额
玉溪市,530400,2022,云南省,241.0,136.0,216033.0,157182.0,  Yuxi,2-18 高新技术企业数和技术合同成交额
保山市,530500,2022,云南省,81.0,38.0,63048.0,21135.0,  Baoshan,2-18 高新技术企业数和技术合同成交额
昭通市,530600,2022,云南省,50.0,16.0,60592.0,17095.0,  Zhaotong,2-18 高新技术企业数和技术合同成交额
丽江市,530700,2022,云南省,75.0,33.0,111489.0,92201.0,  Lijiang,2-18 高新技术企业数和技术合同成交额
普洱市,530800,2022,云南省,76.0,34.0,56788.0,20037.0,  Pu'er,2-18 高新技术企业数和技术合同成交额
临沧市,530900,2022,云南省,71.0,36.0,53996.0,3951.0,  Lincang,2-18 高新技术企业数和技术合同成交额
呼和浩特市,150100,2022,内蒙古自治区,599.0,499.0,274089.0,243316.0,  Hohhot,2-18 高新技术企业数和技术合同成交额
包头市,150200,2022,内蒙古自治区,350.0,326.0,205728.0,202665.0,  Baotou,2-18 高新技术企业数和技术合同成交额
乌海市,150300,2022,内蒙古自治区,58.0,58.0,58362.0,58362.0,  Wuhai,2-18 高新技术企业数和技术合同成交额
赤峰市,150400,2022,内蒙古自治区,151.0,85.0,41643.0,25245.0,  Chifeng,2-18 高新技术企业数和技术合同成交额
通辽市,150500,2022,内蒙古自治区,78.0,21.0,20180.0,3493.0,  Tongliao,2-18 高新技术企业数和技术合同成交额
鄂尔多斯市,150600,2022,内蒙古自治区,330.0,65.0,100014.0,34545.0,  Erdos,2-18 高新技术企业数和技术合同成交额
呼伦贝尔市,150700,2022,内蒙古自治区,53.0,16.0,15350.0,1408.0,  Hulunbuir,2-18 高新技术企业数和技术合同成交额
巴彦淖尔市,150800,2022,内蒙古自治区,101.0,48.0,16184.0,4976.0,  Bayannur,2-18 高新技术企业数和技术合同成交额
乌兰察布市,150900,2022,内蒙古自治区,110.0,26.0,21987.0,2897.0,  Ulanqab,2-18 高新技术企业数和技术合同成交额
长春市,220100,2022,吉林省,3367.0,3216.0,2148800.0,2146700.0,  Changchun,2-18 高新技术企业数和技术合同成交额
吉林市,220200,2022,吉林省,290.0,118.0,188123.0,179080.0,  Jilin,2-18 高新技术企业数和技术合同成交额
四平市,220300,2022,吉林省,73.0,46.0,13615.0,13499.0,  Siping,2-18 高新技术企业数和技术合同成交额
辽源市,220400,2022,吉林省,,,2791.0,2207.0,  Liaoyuan,2-18 高新技术企业数和技术合同成交额
通化市,220500,2022,吉林省,89.0,41.0,14000.0,9683.0,  Tonghua,2-18 高新技术企业数和技术合同成交额
白山市,220600,2022,吉林省,48.0,19.0,3689.0,3323.0,  Baishan,2-18 高新技术企业数和技术合同成交额
松原市,220700,2022,吉林省,53.0,33.0,4706.0,4706.0,  Songyuan,2-18 高新技术企业数和技术合同成交额
白城市,220800,2022,吉林省,25.0,,22840.0,3096.0,  Baicheng,2-18 高新技术企业数和技术合同成交额
成都市,510100,2022,四川省,14772.0,13938.0,19312600.0,19194300.0,  Chengdu,2-18 高新技术企业数和技术合同成交额
自贡市,510300,2022,四川省,197.0,167.0,223706.0,220953.0,  Zigong,2-18 高新技术企业数和技术合同成交额
攀枝花市,510400,2022,四川省,91.0,70.0,132639.0,113381.0,  Panzhihua,2-18 高新技术企业数和技术合同成交额
泸州市,510500,2022,四川省,232.0,122.0,603727.0,294425.0,  Luzhou,2-18 高新技术企业数和技术合同成交额
德阳市,510600,2022,四川省,483.0,184.0,1216907.0,503217.0,  Deyang,2-18 高新技术企业数和技术合同成交额
绵阳市,510700,2022,四川省,961.0,796.0,2004432.0,1015453.0,  Mianyang,2-18 高新技术企业数和技术合同成交额
广元市,510800,2022,四川省,86.0,49.0,56465.0,35260.0,  Guangyuan,2-18 高新技术企业数和技术合同成交额
遂宁市,510900,2022,四川省,222.0,104.0,273609.0,137019.0,  Suining,2-18 高新技术企业数和技术合同成交额
内江市,511000,2022,四川省,159.0,91.0,116198.0,62717.0,  Neijiang,2-18 高新技术企业数和技术合同成交额
乐山市,511100,2022,四川省,164.0,54.0,105221.0,65094.0,  Leshan,2-18 高新技术企业数和技术合同成交额
南充市,511300,2022,四川省,285.0,179.0,181600.0,77533.0,  Nanchong,2-18 高新技术企业数和技术合同成交额
眉山市,511400,2022,四川省,239.0,126.0,74277.0,54512.0,  Meishan,2-18 高新技术企业数和技术合同成交额
宜宾市,511500,2022,四川省,480.0,325.0,1014054.0,754153.0,  Yibin,2-18 高新技术企业数和技术合同成交额
广安市,511600,2022,四川省,111.0,19.0,132343.0,44453.0,  Guang'an,2-18 高新技术企业数和技术合同成交额
达州市,511700,2022,四川省,,,123300.0,47500.0,  Dazhou,2-18 高新技术企业数和技术合同成交额
雅安市,511800,2022,四川省,109.0,51.0,49422.0,39066.0,  Ya'an,2-18 高新技术企业数和技术合同成交额
巴中市,511900,2022,四川省,133.0,72.0,135900.0,69978.0,  Bazhong,2-18 高新技术企业数和技术合同成交额
资阳市,512000,2022,四川省,141.0,99.0,112249.0,102330.0,  Ziyang,2-18 高新技术企业数和技术合同成交额
银川市,640100,2022,宁夏回族自治区,59.0,32.0,323222.0,240688.0,  Yinchuan,2-18 高新技术企业数和技术合同成交额
石嘴山市,640200,2022,宁夏回族自治区,148.0,,60512.0,46009.0,  Shizuishan,2-18 高新技术企业数和技术合同成交额
吴忠市,640300,2022,宁夏回族自治区,116.0,37.0,69300.0,23900.0,  Wuzhong,2-18 高新技术企业数和技术合同成交额
固原市,640400,2022,宁夏回族自治区,34.0,13.0,9642.0,,  Guyuan,2-18 高新技术企业数和技术合同成交额
中卫市,640500,2022,宁夏回族自治区,,,23929.0,10788.0,  Zhongwei,2-18 高新技术企业数和技术合同成交额
合肥市,340100,2022,安徽省,10130.0,7729.0,9510570.0,9106700.0,  Hefei,2-18 高新技术企业数和技术合同成交额
芜湖市,340200,2022,安徽省,2094.0,1827.0,6407073.0,5697768.0,  Wuhu,2-18 高新技术企业数和技术合同成交额
蚌埠市,340300,2022,安徽省,1016.0,678.0,2109806.0,1910000.0,  Bengbu,2-18 高新技术企业数和技术合同成交额
淮南市,340400,2022,安徽省,403.0,228.0,1127400.0,756100.0,  Huainan,2-18 高新技术企业数和技术合同成交额
马鞍山市,340500,2022,安徽省,1260.0,733.0,3074609.0,1478878.0,  Ma'anshan,2-18 高新技术企业数和技术合同成交额
淮北市,340600,2022,安徽省,380.0,256.0,946800.0,,  Huaibei,2-18 高新技术企业数和技术合同成交额
铜陵市,340700,2022,安徽省,534.0,486.0,678102.0,650595.0,  Tongling,2-18 高新技术企业数和技术合同成交额
安庆市,340800,2022,安徽省,831.0,281.0,1254837.0,573618.0,  Anqing,2-18 高新技术企业数和技术合同成交额
黄山市,341000,2022,安徽省,443.0,226.0,466951.0,288903.0,  Huangshan,2-18 高新技术企业数和技术合同成交额
滁州市,341100,2022,安徽省,1568.0,509.0,6572857.0,805568.0,  Chuzhou,2-18 高新技术企业数和技术合同成交额
阜阳市,341200,2022,安徽省,803.0,243.0,1749800.0,526433.0,  Fuyang,2-18 高新技术企业数和技术合同成交额
宿州市,341300,2022,安徽省,583.0,333.0,1797106.0,242095.0,  Suzhou,2-18 高新技术企业数和技术合同成交额
六安市,341500,2022,安徽省,885.0,437.0,1746600.0,808100.0,  Lu'an,2-18 高新技术企业数和技术合同成交额
亳州市,341600,2022,安徽省,450.0,233.0,932470.0,431671.0,  Bozhou,2-18 高新技术企业数和技术合同成交额
池州市,341700,2022,安徽省,,115.0,2737600.0,1640300.0,  Chizhou,2-18 高新技术企业数和技术合同成交额
宣城市,341800,2022,安徽省,851.0,163.0,2910928.0,661858.0,  Xuancheng,2-18 高新技术企业数和技术合同成交额
济南市,370100,2022,山东省,7188.0,6967.0,9295743.0,9214300.0,  Jinan,2-18 高新技术企业数和技术合同成交额
青岛市,370200,2022,山东省,8628.0,6729.0,7095868.0,5485156.0,  Qingdao,2-18 高新技术企业数和技术合同成交额
淄博市,370300,2022,山东省,1752.0,1455.0,3219014.0,2307935.0,  Zibo,2-18 高新技术企业数和技术合同成交额
枣庄市,370400,2022,山东省,680.0,472.0,1173000.0,820074.0,  Zaozhuang,2-18 高新技术企业数和技术合同成交额
东营市,370500,2022,山东省,935.0,769.0,2129800.0,1406158.0,  Dongying,2-18 高新技术企业数和技术合同成交额
烟台市,370600,2022,山东省,2528.0,1843.0,5060594.0,2848391.0,  Yantai,2-18 高新技术企业数和技术合同成交额
潍坊市,370700,2022,山东省,2235.0,1045.0,3530263.0,1152560.0,  Weifang,2-18 高新技术企业数和技术合同成交额
济宁市,370800,2022,山东省,1830.0,747.0,3129657.0,934996.0,  Jining,2-18 高新技术企业数和技术合同成交额
泰安市,370900,2022,山东省,1014.0,537.0,1978414.0,788666.0,  Tai'an,2-18 高新技术企业数和技术合同成交额
威海市,371000,2022,山东省,1725.0,1478.0,1706400.0,1125630.0,  Weihai,2-18 高新技术企业数和技术合同成交额
日照市,371100,2022,山东省,1059.0,733.0,1185853.0,815414.0,  Rizhao,2-18 高新技术企业数和技术合同成交额
临沂市,371300,2022,山东省,2062.0,1031.0,2506907.0,684453.0,  Linyi,2-18 高新技术企业数和技术合同成交额
德州市,371400,2022,山东省,1064.0,348.0,1667663.0,568200.0,  Dezhou,2-18 高新技术企业数和技术合同成交额
聊城市,371500,2022,山东省,918.0,417.0,1340676.0,544973.0,  Liaocheng,2-18 高新技术企业数和技术合同成交额
滨州市,371600,2022,山东省,821.0,251.0,1398000.0,414000.0,  Binzhou,2-18 高新技术企业数和技术合同成交额
菏泽市,371700,2022,山东省,622.0,229.0,2215658.0,607462.0,  Heze,2-18 高新技术企业数和技术合同成交额
太原市,140100,2022,山西省,2160.0,,2284281.0,,  Taiyuan,2-18 高新技术企业数和技术合同成交额
大同市,140200,2022,山西省,129.0,100.0,6008.0,6008.0,  Datong,2-18 高新技术企业数和技术合同成交额
阳泉市,140300,2022,山西省,190.0,156.0,1551.0,1551.0,  Yangquan,2-18 高新技术企业数和技术合同成交额
长治市,140400,2022,山西省,323.0,256.0,85397.0,41877.0,  Changzhi,2-18 高新技术企业数和技术合同成交额
晋城市,140500,2022,山西省,209.0,68.0,27272.0,21618.0,  Jincheng,2-18 高新技术企业数和技术合同成交额
朔州市,140600,2022,山西省,121.0,47.0,4131.0,3466.0,  Shuozhou,2-18 高新技术企业数和技术合同成交额
晋中市,140700,2022,山西省,396.0,210.0,10526.0,6307.0,  Jinzhong,2-18 高新技术企业数和技术合同成交额
运城市,140800,2022,山西省,333.0,78.0,418400.0,47800.0,  Yuncheng,2-18 高新技术企业数和技术合同成交额
忻州市,140900,2022,山西省,170.0,,1778.0,1442.0,  Xinzhou,2-18 高新技术企业数和技术合同成交额
临汾市,141000,2022,山西省,177.0,50.0,4867.0,1005.0,  Linfen,2-18 高新技术企业数和技术合同成交额
吕梁市,141100,2022,山西省,155.0,19.0,258200.0,42400.0,  Lvliang,2-18 高新技术企业数和技术合同成交额
广州市,440100,2022,广东省,13727.0,13727.0,10031665.0,10031665.0,  Guangzhou,2-18 高新技术企业数和技术合同成交额
韶关市,440200,2022,广东省,438.0,213.0,10360.0,5107.0,  Shaoguan,2-18 高新技术企业数和技术合同成交额
深圳市,440300,2022,广东省,25700.0,25700.0,16055424.0,16055424.0,  Shenzhen,2-18 高新技术企业数和技术合同成交额
珠海市,440400,2022,广东省,2974.0,2974.0,536200.0,536200.0,  Zhuhai,2-18 高新技术企业数和技术合同成交额
汕头市,440500,2022,广东省,771.0,770.0,28582.0,28582.0,  Shantou,2-18 高新技术企业数和技术合同成交额
佛山市,440600,2022,广东省,9330.0,9330.0,158062.0,158062.0,  Foshan,2-18 高新技术企业数和技术合同成交额
江门市,440700,2022,广东省,2470.0,1581.0,225189.0,156954.0,  Jiangmen,2-18 高新技术企业数和技术合同成交额
湛江市,440800,2022,广东省,546.0,333.0,18952.0,,  Zhanjiang,2-18 高新技术企业数和技术合同成交额
茂名市,440900,2022,广东省,,,12957.0,9551.0,  Maoming,2-18 高新技术企业数和技术合同成交额
肇庆市,441200,2022,广东省,1320.0,907.0,68019.0,43916.0,  Zhaoqing,2-18 高新技术企业数和技术合同成交额
惠州市,441300,2022,广东省,3695.0,2787.0,170098.0,167359.0,  Huizhou,2-18 高新技术企业数和技术合同成交额
梅州市,441400,2022,广东省,256.0,132.0,624.0,407.0,  Meizhou,2-18 高新技术企业数和技术合同成交额
汕尾市,441500,2022,广东省,138.0,60.0,5667.0,3057.0,  Shanwei,2-18 高新技术企业数和技术合同成交额
河源市,441600,2022,广东省,355.0,173.0,1003.0,1003.0,  Heyuan,2-18 高新技术企业数和技术合同成交额
阳江市,441700,2022,广东省,190.0,137.0,340.0,340.0,  Yangjiang,2-18 高新技术企业数和技术合同成交额
清远市,441800,2022,广东省,586.0,369.0,8615.0,6160.0,  Qingyuan,2-18 高新技术企业数和技术合同成交额
东莞市,441900,2022,广东省,10200.0,,953490.0,,  Dongguan,2-18 高新技术企业数和技术合同成交额
中山市,442000,2022,广东省,2976.0,,169246.0,,  Zhongshan,2-18 高新技术企业数和技术合同成交额
潮州市,445100,2022,广东省,322.0,291.0,2085.0,1916.0,  Chaozhou,2-18 高新技术企业数和技术合同成交额
揭阳市,445200,2022,广东省,470.0,302.0,2468.0,2468.0,  Jieyang,2-18 高新技术企业数和技术合同成交额
云浮市,445300,2022,广东省,195.0,73.0,6046.0,1154.0,  Yunfu,2-18 高新技术企业数和技术合同成交额
南宁市,450100,2022,广西壮族自治区,1517.0,1408.0,2991503.0,2815047.0,  Nanning,2-18 高新技术企业数和技术合同成交额
柳州市,450200,2022,广西壮族自治区,587.0,509.0,783225.0,676809.0,  Liuzhou,2-18 高新技术企业数和技术合同成交额
桂林市,450300,2022,广西壮族自治区,401.0,253.0,395916.0,238300.0,  Guilin,2-18 高新技术企业数和技术合同成交额
梧州市,450400,2022,广西壮族自治区,114.0,85.0,216000.0,42500.0,  Wuzhou,2-18 高新技术企业数和技术合同成交额
北海市,450500,2022,广西壮族自治区,101.0,76.0,696580.0,220898.0,  Beihai,2-18 高新技术企业数和技术合同成交额
防城港市,450600,2022,广西壮族自治区,57.0,47.0,376192.0,372406.0,  Fangchenggang,2-18 高新技术企业数和技术合同成交额
钦州市,450700,2022,广西壮族自治区,161.0,126.0,401998.0,363577.0,  Qinzhou,2-18 高新技术企业数和技术合同成交额
贵港市,450800,2022,广西壮族自治区,159.0,129.0,438001.0,135450.0,  Guigang,2-18 高新技术企业数和技术合同成交额
玉林市,450900,2022,广西壮族自治区,125.0,53.0,574881.0,300827.0,  Yulin,2-18 高新技术企业数和技术合同成交额
百色市,451000,2022,广西壮族自治区,109.0,51.0,390100.0,12062.0,  Baise,2-18 高新技术企业数和技术合同成交额
贺州市,451100,2022,广西壮族自治区,65.0,45.0,81118.0,36288.0,  Hezhou,2-18 高新技术企业数和技术合同成交额
河池市,451200,2022,广西壮族自治区,69.0,24.0,265944.0,96149.0,  Hechi,2-18 高新技术企业数和技术合同成交额
来宾市,451300,2022,广西壮族自治区,79.0,49.0,157900.0,55886.0,  Laibin,2-18 高新技术企业数和技术合同成交额
崇左市,451400,2022,广西壮族自治区,76.0,33.0,158682.0,44969.0,  Chongzuo,2-18 高新技术企业数和技术合同成交额
乌鲁木齐市,650100,2022,新疆维吾尔自治区,755.0,753.0,217000.0,217000.0,  Urumqi,2-18 高新技术企业数和技术合同成交额
克拉玛依市,650200,2022,新疆维吾尔自治区,234.0,234.0,131079.0,131079.0,  Karamay,2-18 高新技术企业数和技术合同成交额
南京市,320100,2022,江苏省,10500.0,10500.0,10750875.0,10750875.0,  Nanjing,2-18 高新技术企业数和技术合同成交额
无锡市,320200,2022,江苏省,7341.0,5269.0,6008441.0,3262483.0,  Wuxi,2-18 高新技术企业数和技术合同成交额
徐州市,320300,2022,江苏省,1796.0,928.0,2610400.0,1201400.0,  Xuzhou,2-18 高新技术企业数和技术合同成交额
常州市,320400,2022,江苏省,,,3611250.0,3024125.0,  Changzhou,2-18 高新技术企业数和技术合同成交额
苏州市,320500,2022,江苏省,17486.0,10225.0,10803000.0,5931500.0,  Suzhou,2-18 高新技术企业数和技术合同成交额
南通市,320600,2022,江苏省,4339.0,2150.0,6350100.0,2822397.0,  Nantong,2-18 高新技术企业数和技术合同成交额
连云港市,320700,2022,江苏省,790.0,459.0,960414.0,662942.0,  Lianyungang,2-18 高新技术企业数和技术合同成交额
淮安市,320800,2022,江苏省,954.0,,2151095.0,1121429.0,  Huai'an,2-18 高新技术企业数和技术合同成交额
盐城市,320900,2022,江苏省,2842.0,1441.0,2402717.0,1009708.0,  Yancheng,2-18 高新技术企业数和技术合同成交额
扬州市,321000,2022,江苏省,2516.0,1460.0,3123895.0,2047452.0,  Yangzhou,2-18 高新技术企业数和技术合同成交额
镇江市,321100,2022,江苏省,1617.0,651.0,2053524.0,884280.0,  Zhenjiang,2-18 高新技术企业数和技术合同成交额
泰州市,321200,2022,江苏省,2197.0,959.0,3001399.0,1084661.0,  Taizhou,2-18 高新技术企业数和技术合同成交额
宿迁市,321300,2022,江苏省,915.0,425.0,969769.0,380768.0,  Suqian,2-18 高新技术企业数和技术合同成交额
南昌市,360100,2022,江西省,1852.0,1307.0,6665559.0,5170983.0,  Nanchang,2-18 高新技术企业数和技术合同成交额
景德镇市,360200,2022,江西省,198.0,,876348.0,450390.0,  Jingdezhen,2-18 高新技术企业数和技术合同成交额
萍乡市,360300,2022,江西省,280.0,177.0,891551.0,423769.0,  Pingxiang,2-18 高新技术企业数和技术合同成交额
九江市,360400,2022,江西省,771.0,292.0,3143703.0,1008420.0,  Jiujiang,2-18 高新技术企业数和技术合同成交额
新余市,360500,2022,江西省,169.0,,701144.0,458101.0,  Xinyu,2-18 高新技术企业数和技术合同成交额
鹰潭市,360600,2022,江西省,251.0,154.0,730615.0,439704.0,  Yingtan,2-18 高新技术企业数和技术合同成交额
赣州市,360700,2022,江西省,1146.0,495.0,3168062.0,1059192.0,  Ganzhou,2-18 高新技术企业数和技术合同成交额
吉安市,360800,2022,江西省,584.0,79.0,2585912.0,266442.0,  Ji'an,2-18 高新技术企业数和技术合同成交额
宜春市,360900,2022,江西省,698.0,151.0,3429793.0,622567.0,  Yichun,2-18 高新技术企业数和技术合同成交额
抚州市,361000,2022,江西省,521.0,187.0,,,  Fuzhou,2-18 高新技术企业数和技术合同成交额
上饶市,361100,2022,江西省,642.0,263.0,1934627.0,837800.0,  Shangrao,2-18 高新技术企业数和技术合同成交额
石家庄市,130100,2022,河北省,3742.0,2873.0,2429018.0,2296871.0,  Shijiazhuang,2-18 高新技术企业数和技术合同成交额
唐山市,130200,2022,河北省,1805.0,1177.0,2379111.0,2030765.0,  Tangshan,2-18 高新技术企业数和技术合同成交额
秦皇岛市,130300,2022,河北省,450.0,373.0,635047.0,524413.0,  Qinhuangdao,2-18 高新技术企业数和技术合同成交额
邯郸市,130400,2022,河北省,1243.0,610.0,3552733.0,1262622.0,  Handan,2-18 高新技术企业数和技术合同成交额
邢台市,130500,2022,河北省,1029.0,257.0,713118.0,346995.0,  Xingtai,2-18 高新技术企业数和技术合同成交额
保定市,130600,2022,河北省,2145.0,1226.0,4086180.0,3690725.0,  Baoding,2-18 高新技术企业数和技术合同成交额
张家口市,130700,2022,河北省,408.0,245.0,406044.0,271305.0,  Zhangjiakou,2-18 高新技术企业数和技术合同成交额
承德市,130800,2022,河北省,306.0,141.0,584071.0,165561.0,  Chengde,2-18 高新技术企业数和技术合同成交额
沧州市,130900,2022,河北省,1573.0,223.0,1754524.0,131519.0,  Cangzhou,2-18 高新技术企业数和技术合同成交额
廊坊市,131000,2022,河北省,1441.0,381.0,2345866.0,1352024.0,  Langfang,2-18 高新技术企业数和技术合同成交额
衡水市,131100,2022,河北省,980.0,324.0,580566.0,197786.0,  Hengshui,2-18 高新技术企业数和技术合同成交额
郑州市,410100,2022,河南省,5492.0,4495.0,8036600.0,7257200.0,  Zhengzhou,2-18 高新技术企业数和技术合同成交额
开封市,410200,2022,河南省,333.0,198.0,469350.0,235454.0,  Kaifeng,2-18 高新技术企业数和技术合同成交额
洛阳市,410300,2022,河南省,1620.0,1171.0,1933718.0,1860200.0,  Luoyang,2-18 高新技术企业数和技术合同成交额
平顶山市,410400,2022,河南省,438.0,191.0,406608.0,315444.0,  Pingdingshan,2-18 高新技术企业数和技术合同成交额
安阳市,410500,2022,河南省,445.0,222.0,566325.0,314231.0,  Anyang,2-18 高新技术企业数和技术合同成交额
鹤壁市,410600,2022,河南省,150.0,121.0,165829.0,132185.0,  Hebi,2-18 高新技术企业数和技术合同成交额
新乡市,410700,2022,河南省,883.0,409.0,957990.0,415807.0,  Xinxiang,2-18 高新技术企业数和技术合同成交额
焦作市,410800,2022,河南省,520.0,155.0,774900.0,347900.0,  Jiaozuo,2-18 高新技术企业数和技术合同成交额
濮阳市,410900,2022,河南省,207.0,113.0,287670.0,134305.0,  Puyang,2-18 高新技术企业数和技术合同成交额
许昌市,411000,2022,河南省,549.0,214.0,321545.0,99098.0,  Xuchang,2-18 高新技术企业数和技术合同成交额
漯河市,411100,2022,河南省,228.0,170.0,332255.0,224404.0,  Luohe,2-18 高新技术企业数和技术合同成交额
三门峡市,411200,2022,河南省,184.0,120.0,103829.0,51445.0,  Sanmenxia,2-18 高新技术企业数和技术合同成交额
南阳市,411300,2022,河南省,725.0,243.0,1574360.0,471300.0,  Nanyang,2-18 高新技术企业数和技术合同成交额
商丘市,411400,2022,河南省,319.0,107.0,223810.0,57461.0,  Shangqiu,2-18 高新技术企业数和技术合同成交额
信阳市,411500,2022,河南省,346.0,139.0,380597.0,103416.0,  Xinyang,2-18 高新技术企业数和技术合同成交额
周口市,411600,2022,河南省,373.0,105.0,412880.0,71030.0,  Zhoukou,2-18 高新技术企业数和技术合同成交额
驻马店市,411700,2022,河南省,310.0,87.0,598355.0,160341.0,  Zhumadian,2-18 高新技术企业数和技术合同成交额
杭州市,330100,2022,浙江省,16335.0,15623.0,21885518.0,21512214.0,  Hangzhou,2-18 高新技术企业数和技术合同成交额
宁波市,330200,2022,浙江省,8855.0,5580.0,12169436.0,8132128.0,  Ningbo,2-18 高新技术企业数和技术合同成交额
温州市,330300,2022,浙江省,4772.0,1580.0,7092000.0,3283200.0,  Wenzhou,2-18 高新技术企业数和技术合同成交额
嘉兴市,330400,2022,浙江省,578.0,167.0,5475000.0,937400.0,  Jiaxing,2-18 高新技术企业数和技术合同成交额
湖州市,330500,2022,浙江省,319.0,128.0,3782800.0,1702900.0,  Huzhou,2-18 高新技术企业数和技术合同成交额
绍兴市,330600,2022,浙江省,3094.0,1776.0,5457100.0,3187300.0,  Shaoxing,2-18 高新技术企业数和技术合同成交额
金华市,330700,2022,浙江省,2851.0,774.0,3740200.0,,  Jinhua,2-18 高新技术企业数和技术合同成交额
衢州市,330800,2022,浙江省,1014.0,432.0,866700.0,517300.0,  Quzhou,2-18 高新技术企业数和技术合同成交额
舟山市,330900,2022,浙江省,283.0,249.0,844800.0,588700.0,  Zhoushan,2-18 高新技术企业数和技术合同成交额
台州市,331000,2022,浙江省,2588.0,897.0,2610179.0,898649.0,  Taizhou,2-18 高新技术企业数和技术合同成交额
丽水市,331100,2022,浙江省,1041.0,366.0,915000.0,292800.0,  Lishui,2-18 高新技术企业数和技术合同成交额
海口市,460100,2022,海南省,809.0,809.0,457086.0,457086.0,  Haikou,2-18 高新技术企业数和技术合同成交额
三亚市,460200,2022,海南省,,,,,  Sanya,2-18 高新技术企业数和技术合同成交额
武汉市,420100,2022,湖北省,16500.0,16500.0,26083300.0,26083300.0,  Wuhan,2-18 高新技术企业数和技术合同成交额
黄石市,420200,2022,湖北省,919.0,396.0,2283587.0,1643120.0,  Huangshi,2-18 高新技术企业数和技术合同成交额
十堰市,420300,2022,湖北省,907.0,624.0,2430000.0,1386600.0,  Shiyan,2-18 高新技术企业数和技术合同成交额
宜昌市,420500,2022,湖北省,1763.0,888.0,5109541.0,2780075.0,  Yichang,2-18 高新技术企业数和技术合同成交额
襄阳市,420600,2022,湖北省,2002.0,1357.0,5630000.0,3230000.0,  Xiangyang,2-18 高新技术企业数和技术合同成交额
鄂州市,420700,2022,湖北省,406.0,406.0,949153.0,949153.0,  Ezhou,2-18 高新技术企业数和技术合同成交额
荆门市,420800,2022,湖北省,855.0,399.0,2127900.0,899800.0,  Jingmen,2-18 高新技术企业数和技术合同成交额
孝感市,420900,2022,湖北省,1086.0,493.0,1742608.0,587307.0,  Xiaogan,2-18 高新技术企业数和技术合同成交额
荆州市,421000,2022,湖北省,1074.0,536.0,2769200.0,821826.0,  Jingzhou,2-18 高新技术企业数和技术合同成交额
黄冈市,421100,2022,湖北省,1118.0,208.0,3133700.0,502100.0,  Huanggang,2-18 高新技术企业数和技术合同成交额
咸宁市,421200,2022,湖北省,744.0,309.0,1957700.0,540000.0,  Xianning,2-18 高新技术企业数和技术合同成交额
随州市,421300,2022,湖北省,131.0,70.0,664500.0,427900.0,  Suizhou,2-18 高新技术企业数和技术合同成交额
长沙市,430100,2022,湖南省,8609.0,5904.0,13973591.0,10628320.0,  Changsha,2-18 高新技术企业数和技术合同成交额
株洲市,430200,2022,湖南省,1274.0,905.0,4874400.0,4439700.0,  Zhuzhou,2-18 高新技术企业数和技术合同成交额
湘潭市,430300,2022,湖南省,864.0,560.0,3808661.0,3186316.0,  Xiangtan,2-18 高新技术企业数和技术合同成交额
衡阳市,430400,2022,湖南省,1217.0,280.0,3574712.0,502302.0,  Hengyang,2-18 高新技术企业数和技术合同成交额
邵阳市,430500,2022,湖南省,1506.0,,2780000.0,,  Shaoyang,2-18 高新技术企业数和技术合同成交额
岳阳市,430600,2022,湖南省,992.0,408.0,4872086.0,2114308.0,  Yueyang,2-18 高新技术企业数和技术合同成交额
常德市,430700,2022,湖南省,754.0,338.0,3277500.0,978300.0,  Changde,2-18 高新技术企业数和技术合同成交额
张家界市,430800,2022,湖南省,189.0,96.0,404453.0,221294.0,  Zhangjiajie,2-18 高新技术企业数和技术合同成交额
益阳市,430900,2022,湖南省,732.0,387.0,2320100.0,1568400.0,  Yiyang,2-18 高新技术企业数和技术合同成交额
郴州市,431000,2022,湖南省,689.0,374.0,2868000.0,859672.0,  Chenzhou,2-18 高新技术企业数和技术合同成交额
永州市,431100,2022,湖南省,620.0,122.0,1822765.0,265800.0,  Yongzhou,2-18 高新技术企业数和技术合同成交额
怀化市,431200,2022,湖南省,569.0,101.0,1505300.0,259900.0,  Huaihua,2-18 高新技术企业数和技术合同成交额
娄底市,431300,2022,湖南省,469.0,193.0,1853235.0,670700.0,  Loudi,2-18 高新技术企业数和技术合同成交额
兰州市,620100,2022,甘肃省,1086.0,911.0,746642.0,530940.0,  Lanzhou,2-18 高新技术企业数和技术合同成交额
嘉峪关市,620200,2022,甘肃省,68.0,,346716.0,,  Jiayuguan,2-18 高新技术企业数和技术合同成交额
金昌市,620300,2022,甘肃省,87.0,54.0,135818.0,60118.0,  Jinchang,2-18 高新技术企业数和技术合同成交额
白银市,620400,2022,甘肃省,138.0,,302148.0,153947.0,  Baiyin,2-18 高新技术企业数和技术合同成交额
天水市,620500,2022,甘肃省,156.0,96.0,489816.0,,  Tianshui,2-18 高新技术企业数和技术合同成交额
武威市,620600,2022,甘肃省,113.0,55.0,397092.0,165900.0,  Wuwei,2-18 高新技术企业数和技术合同成交额
张掖市,620700,2022,甘肃省,211.0,68.0,505457.0,211500.0,  Zhangye,2-18 高新技术企业数和技术合同成交额
平凉市,620800,2022,甘肃省,65.0,14.0,337976.0,34946.0,  Pingliang,2-18 高新技术企业数和技术合同成交额
酒泉市,620900,2022,甘肃省,195.0,98.0,611909.0,205200.0,  Jiuquan,2-18 高新技术企业数和技术合同成交额
庆阳市,621000,2022,甘肃省,70.0,20.0,332761.0,134400.0,  Qingyang,2-18 高新技术企业数和技术合同成交额
定西市,621100,2022,甘肃省,143.0,41.0,369812.0,76200.0,  Dingxi,2-18 高新技术企业数和技术合同成交额
陇南市,621200,2022,甘肃省,64.0,,345263.0,43410.0,  Longnan,2-18 高新技术企业数和技术合同成交额
福州市,350100,2022,福建省,4678.0,,1361469.0,1119844.0,  Fuzhou,2-18 高新技术企业数和技术合同成交额
厦门市,350200,2022,福建省,4710.0,4710.0,1740868.0,1740868.0,  Xiamen,2-18 高新技术企业数和技术合同成交额
莆田市,350300,2022,福建省,409.0,336.0,54506.0,39472.0,  Putian,2-18 高新技术企业数和技术合同成交额
三明市,350400,2022,福建省,318.0,105.0,58747.0,49836.0,  Sanming,2-18 高新技术企业数和技术合同成交额
泉州市,350500,2022,福建省,3100.0,709.0,201626.0,80594.0,  Quanzhou,2-18 高新技术企业数和技术合同成交额
漳州市,350600,2022,福建省,927.0,678.0,39011.0,36246.0,  Zhangzhou,2-18 高新技术企业数和技术合同成交额
南平市,350700,2022,福建省,248.0,42.0,34458.0,15327.0,  Nanping,2-18 高新技术企业数和技术合同成交额
龙岩市,350800,2022,福建省,532.0,298.0,48096.0,22960.0,  Longyan,2-18 高新技术企业数和技术合同成交额
宁德市,350900,2022,福建省,301.0,102.0,337049.0,316418.0,  Ningde,2-18 高新技术企业数和技术合同成交额
拉萨市,540100,2022,西藏自治区,140.0,102.0,710000.0,,  Lhasa,2-18 高新技术企业数和技术合同成交额
贵阳市,520100,2022,贵州省,1210.0,585.0,1946000.0,1659500.0,  Guiyang,2-18 高新技术企业数和技术合同成交额
六盘水市,520200,2022,贵州省,69.0,34.0,464300.0,192400.0,  Liupanshui,2-18 高新技术企业数和技术合同成交额
遵义市,520300,2022,贵州省,241.0,172.0,1154804.0,570904.0,  Zunyi,2-18 高新技术企业数和技术合同成交额
安顺市,520400,2022,贵州省,97.0,78.0,323500.0,181700.0,  Anshun,2-18 高新技术企业数和技术合同成交额
毕节市,520500,2022,贵州省,62.0,6.0,593000.0,173000.0,  Bijie,2-18 高新技术企业数和技术合同成交额
铜仁市,520600,2022,贵州省,58.0,22.0,367900.0,111600.0,  Tongren,2-18 高新技术企业数和技术合同成交额
沈阳市,210100,2022,辽宁省,5902.0,5678.0,7228264.0,7133650.0,  Shenyang,2-18 高新技术企业数和技术合同成交额
大连市,210200,2022,辽宁省,5300.0,4916.0,6002221.0,5792582.0,  Dalian,2-18 高新技术企业数和技术合同成交额
鞍山市,210300,2022,辽宁省,481.0,360.0,435066.0,409169.0,  Anshan,2-18 高新技术企业数和技术合同成交额
抚顺市,210400,2022,辽宁省,181.0,149.0,90020.0,73015.0,  Fushun,2-18 高新技术企业数和技术合同成交额
本溪市,210500,2022,辽宁省,146.0,120.0,175614.0,130556.0,  Benxi,2-18 高新技术企业数和技术合同成交额
丹东市,210600,2022,辽宁省,349.0,188.0,73000.0,57295.0,  Dandong,2-18 高新技术企业数和技术合同成交额
锦州市,210700,2022,辽宁省,245.0,170.0,560799.0,369747.0,  Jinzhou,2-18 高新技术企业数和技术合同成交额
营口市,210800,2022,辽宁省,,,170000.0,124800.0,  Yingkou,2-18 高新技术企业数和技术合同成交额
阜新市,210900,2022,辽宁省,143.0,81.0,116000.0,61000.0,  Fuxin,2-18 高新技术企业数和技术合同成交额
辽阳市,211000,2022,辽宁省,196.0,125.0,160337.0,90154.0,  Liaoyang,2-18 高新技术企业数和技术合同成交额
盘锦市,211100,2022,辽宁省,240.0,213.0,125584.0,125584.0,  Panjin,2-18 高新技术企业数和技术合同成交额
铁岭市,211200,2022,辽宁省,185.0,78.0,50153.0,38324.0,  Tieling,2-18 高新技术企业数和技术合同成交额
朝阳市,211300,2022,辽宁省,228.0,78.0,136923.0,38578.0,  Chaoyang,2-18 高新技术企业数和技术合同成交额
葫芦岛市,211400,2022,辽宁省,128.0,37.0,50571.0,16403.0,  Huludao,2-18 高新技术企业数和技术合同成交额
西安市,610100,2022,陕西省,,,45002400.0,,  Xi'an,2-18 高新技术企业数和技术合同成交额
铜川市,610200,2022,陕西省,182.0,169.0,36105.0,31206.0,  Tongchuan,2-18 高新技术企业数和技术合同成交额
宝鸡市,610300,2022,陕西省,887.0,712.0,543424.0,461311.0,  Baoji,2-18 高新技术企业数和技术合同成交额
咸阳市,610400,2022,陕西省,746.0,319.0,720600.0,217100.0,  Xianyang,2-18 高新技术企业数和技术合同成交额
渭南市,610500,2022,陕西省,35.0,2.0,327576.0,205324.0,  Weinan,2-18 高新技术企业数和技术合同成交额
延安市,610600,2022,陕西省,361.0,178.0,204083.0,47056.0,  Yan'an,2-18 高新技术企业数和技术合同成交额
汉中市,610700,2022,陕西省,363.0,158.0,349737.0,152246.0,  Hanzhong,2-18 高新技术企业数和技术合同成交额
榆林市,610800,2022,陕西省,650.0,60.0,201736.0,39694.0,  Yulin,2-18 高新技术企业数和技术合同成交额
安康市,610900,2022,陕西省,361.0,141.0,168994.0,55002.0,  Ankang,2-18 高新技术企业数和技术合同成交额
商洛市,611000,2022,陕西省,174.0,44.0,57877.0,12365.0,  Shangluo,2-18 高新技术企业数和技术合同成交额
西宁市,630100,2022,青海省,233.0,223.0,184700.0,,  Xining,2-18 高新技术企业数和技术合同成交额
哈尔滨市,230100,2022,黑龙江省,3041.0,2930.0,712800.0,712100.0,  Harbin,2-18 高新技术企业数和技术合同成交额
齐齐哈尔市,230200,2022,黑龙江省,236.0,165.0,89884.0,88827.0,  Qiqihar,2-18 高新技术企业数和技术合同成交额
鸡西市,230300,2022,黑龙江省,83.0,45.0,46183.0,7875.0,  Jixi,2-18 高新技术企业数和技术合同成交额
鹤岗市,230400,2022,黑龙江省,36.0,17.0,24252.0,16163.0,  Hegang,2-18 高新技术企业数和技术合同成交额
双鸭山市,230500,2022,黑龙江省,,,21847.0,20609.0,  Shuangyashan,2-18 高新技术企业数和技术合同成交额
大庆市,230600,2022,黑龙江省,722.0,676.0,234515.0,219037.0,  Daqing,2-18 高新技术企业数和技术合同成交额
伊春市,230700,2022,黑龙江省,33.0,15.0,16804.0,5482.0,  Yichun,2-18 高新技术企业数和技术合同成交额
佳木斯市,230800,2022,黑龙江省,200.0,95.0,399.0,213.0,  Jiamusi,2-18 高新技术企业数和技术合同成交额
七台河市,230900,2022,黑龙江省,55.0,44.0,22492.0,17626.0,  Qitaihe,2-18 高新技术企业数和技术合同成交额
牡丹江市,231000,2022,黑龙江省,,,41862.0,8509.0,  Mudanjiang,2-18 高新技术企业数和技术合同成交额
黑河市,231100,2022,黑龙江省,51.0,20.0,21500.0,1936.0,  Heihe,2-18 高新技术企业数和技术合同成交额
绥化市,231200,2022,黑龙江省,130.0,10.0,23920.0,12302.0,  Suihua,2-18 高新技术企业数和技术合同成交额
